Workbook

Sheet 下载
C1: Công ty TNHH Pegatron Việt Nam PEGATRON VIETNAM Co.Ltd
A3: BÁO CÁO CHI TIẾT
A4: DETAIL REPORT
B6: Từ ngày (From): | C6: 2026/06/16 | D6: Đến ngày (To): | E6: 2026/06/16 | F6: Khu vực (Zone): | G6: All | H6: Đồng hồ (Meter): | I6: All
A8: # | B8: Thời gian | C8: Chỉ số đầu Start indicator | D8: Chỉ số cuối Finish indicator | E8: Năng lượng tiêu thụ Consumption (KWh) | F8: Cao điểm Rush hour (KWh) | G8: Bình thường Normal (KWh) | H8: Thấp điểm Off-rush hour (KWh) | I8: Điện áp LL Voltage LL (V) | J8: Điện áp LL Voltage LL (V) | K8: Dòng điện Current (A) | L8: Công suất Power (KW) | M8: Cosphi (%)
B9: Meter: F1P12 | C9: 130068.9 | D9: 130076.4 | E9: 7.5 | F9: 0 | G9: 7.5 | H9: 0
A10: 1 | B10: 46189.333 | E10: 7.5 | F10: 0 | G10: 7.5 | H10: 0 | I10: 390.8 | J10: 225.6 | K10: 14.8 | L10: 7.7 | M10: 92.6
B11: Meter: F1MAC31 | C11: 2221594.1 | D11: 2221717.2 | E11: 123.1 | F11: 0 | G11: 123.1 | H11: 0
A12: 1 | B12: 46189.333 | E12: 123.1 | F12: 0 | G12: 123.1 | H12: 0 | I12: 390.4 | J12: 225.5 | K12: 202.2 | L12: 123.5 | M12: 96.8
B13: Meter: F1MP22-1 | C13: 669399.5 | D13: 669484.6 | E13: 85.1 | F13: 0 | G13: 85.1 | H13: 0
A14: 1 | B14: 46189.333 | E14: 85.1 | F14: 0 | G14: 85.1 | H14: 0 | I14: 394.3 | J14: 227.7 | K14: 133.6 | L14: 85.8 | M14: 99.5
B15: Meter: F1P12-1 | C15: 86721.5 | D15: 86721.5 | E15: 0 | F15: 0 | G15: 0 | H15: 0
A16: 1 | B16: 46189.333 | E16: 0 | F16: 0 | G16: 0 | H16: 0 | I16: 390.7 | J16: 225.6 | K16: 0 | L16: 0 | M16: 100
B17: Meter: F1AC31 | C17: 214964.9 | D17: 214989.4 | E17: 24.5 | F17: 0 | G17: 24.5 | H17: 0
A18: 1 | B18: 46189.333 | E18: 24.5 | F18: 0 | G18: 24.5 | H18: 0 | I18: 390.3 | J18: 225.3 | K18: 40.3 | L18: 24.6 | M18: 98.8
B19: Meter: F1MP23-1 | C19: 169262.7 | D19: 169278.2 | E19: 15.5 | F19: 0 | G19: 15.5 | H19: 0
A20: 1 | B20: 46189.333 | E20: 15.5 | F20: 0 | G20: 15.5 | H20: 0 | I20: 394.3 | J20: 227.6 | K20: 24.5 | L20: 15.2 | M20: 98.9
B21: Meter: F1P12-2 | C21: 39071 | D21: 39076.6 | E21: 5.6 | F21: 0 | G21: 5.6 | H21: 0
A22: 1 | B22: 46189.333 | E22: 5.6 | F22: 0 | G22: 5.6 | H22: 0 | I22: 390.7 | J22: 225.6 | K22: 11.6 | L22: 5.6 | M22: 97.6
B23: Meter: F1AC32 | C23: 325900.4 | D23: 325926.1 | E23: 25.7 | F23: 0 | G23: 25.7 | H23: 0
A24: 1 | B24: 46189.333 | E24: 25.7 | F24: 0 | G24: 25.7 | H24: 0 | I24: 390.3 | J24: 225.4 | K24: 41.8 | L24: 25.7 | M24: 99.3
B25: Meter: F1MP24-1 | C25: 1224989.3 | D25: 1225096.9 | E25: 107.6 | F25: 0 | G25: 107.6 | H25: 0
A26: 1 | B26: 46189.333 | E26: 107.6 | F26: 0 | G26: 107.6 | H26: 0 | I26: 394.2 | J26: 227.6 | K26: 158.2 | L26: 105.8 | M26: 100
B27: Meter: F1P12-3 | C27: 5370.4 | D27: 5372.4 | E27: 2 | F27: 0 | G27: 2 | H27: 0
A28: 1 | B28: 46189.333 | E28: 2 | F28: 0 | G28: 2 | H28: 0 | I28: 390.9 | J28: 225.7 | K28: 4 | L28: 1.9 | M28: 72.5
B29: Meter: F1AC33 | C29: 383579.1 | D29: 383602.8 | E29: 23.7 | F29: 0 | G29: 23.7 | H29: 0
A30: 1 | B30: 46189.333 | E30: 23.7 | F30: 0 | G30: 23.7 | H30: 0 | I30: 390.3 | J30: 225.4 | K30: 39.5 | L30: 23.8 | M30: 98.8
B31: Meter: F1MP24-2 | C31: 2243708 | D31: 2243835.4 | E31: 127.4 | F31: 0 | G31: 127.4 | H31: 0
A32: 1 | B32: 46189.333 | E32: 127.4 | F32: 0 | G32: 127.4 | H32: 0 | I32: 394.2 | J32: 227.6 | K32: 202.8 | L32: 125.1 | M32: 96.4
B33: Meter: F1AC34 | C33: 256185.2 | D33: 256195 | E33: 9.8 | F33: 0 | G33: 9.8 | H33: 0
A34: 1 | B34: 46189.333 | E34: 9.8 | F34: 0 | G34: 9.8 | H34: 0 | I34: 390.4 | J34: 225.4 | K34: 18.1 | L34: 9.8 | M34: 99.2
B35: Meter: F1MP24-3 | C35: 412301.8 | D35: 412318.2 | E35: 16.4 | F35: 0 | G35: 16.4 | H35: 0
A36: 1 | B36: 46189.333 | E36: 16.4 | F36: 0 | G36: 16.4 | H36: 0 | I36: 394.3 | J36: 227.7 | K36: 25 | L36: 16.1 | M36: 95.5
B37: Meter: F1ACR1 | C37: 174072.1 | D37: 174078.4 | E37: 6.3 | F37: 0 | G37: 6.3 | H37: 0
A38: 1 | B38: 46189.333 | E38: 6.3 | F38: 0 | G38: 6.3 | H38: 0 | I38: 390.3 | J38: 225.4 | K38: 14.7 | L38: 6.3 | M38: 63.5
B39: Meter: F1ML11 | C39: 1077431.5 | D39: 1077493.6 | E39: 62.1 | F39: 0 | G39: 62.1 | H39: 0
A40: 1 | B40: 46189.333 | E40: 62.1 | F40: 0 | G40: 62.1 | H40: 0 | I40: 390.1 | J40: 225.2 | K40: 95.1 | L40: 62 | M40: 99.2
B41: Meter: F1ACR2 | C41: 109866.8 | D41: 109871.2 | E41: 4.4 | F41: 0 | G41: 4.4 | H41: 0
A42: 1 | B42: 46189.333 | E42: 4.4 | F42: 0 | G42: 4.4 | H42: 0 | I42: 390.4 | J42: 225.4 | K42: 7.5 | L42: 4.4 | M42: 90.7
B43: Meter: F1L11 | C43: 271997.2 | D43: 272010 | E43: 12.8 | F43: 0 | G43: 12.8 | H43: 0
A44: 1 | B44: 46189.333 | E44: 12.8 | F44: 0 | G44: 12.8 | H44: 0 | I44: 390 | J44: 225.2 | K44: 20.4 | L44: 12.7 | M44: 99.1
B45: Meter: F1ACR3 | C45: 123440.9 | D45: 123446.8 | E45: 5.9 | F45: 0 | G45: 5.9 | H45: 0
A46: 1 | B46: 46189.333 | E46: 5.9 | F46: 0 | G46: 5.9 | H46: 0 | I46: 390.3 | J46: 225.4 | K46: 10.6 | L46: 5.9 | M46: 85.5
B47: Meter: F1MP25-1 | C47: 961320.5 | D47: 961348.6 | E47: 28.1 | F47: 0 | G47: 28.1 | H47: 0
A48: 1 | B48: 46189.333 | E48: 28.1 | F48: 0 | G48: 28.1 | H48: 0 | I48: 394.1 | J48: 227.6 | K48: 48.6 | L48: 27.3 | M48: 87.7
B49: Meter: F1L12 | C49: 156136.6 | D49: 156150.9 | E49: 14.3 | F49: 0 | G49: 14.3 | H49: 0
A50: 1 | B50: 46189.333 | E50: 14.3 | F50: 0 | G50: 14.3 | H50: 0 | I50: 389.8 | J50: 225.1 | K50: 21.6 | L50: 14.2 | M50: 99.2
B51: Meter: F1ACR4 | C51: 122968.1 | D51: 122974.7 | E51: 6.6 | F51: 0 | G51: 6.6 | H51: 0
A52: 1 | B52: 46189.333 | E52: 6.6 | F52: 0 | G52: 6.6 | H52: 0 | I52: 390.3 | J52: 225.3 | K52: 13.1 | L52: 6.6 | M52: 75.8
B53: Meter: F1MP25-2 | C53: 25588 | D53: 25589 | E53: 1 | F53: 0 | G53: 1 | H53: 0
A54: 1 | B54: 46189.333 | E54: 1 | F54: 0 | G54: 1 | H54: 0 | I54: 394.2 | J54: 227.6 | K54: 1.7 | L54: 0.7 | M54: 72.5
B55: Meter: F1L21 | C55: 25892.9 | D55: 25893 | E55: 0.1 | F55: 0 | G55: 0.1 | H55: 0
A56: 1 | B56: 46189.333 | E56: 0.1 | F56: 0 | G56: 0.1 | H56: 0 | I56: 390 | J56: 225.2 | K56: 8 | L56: 435.5 | M56: 46.1
B57: Meter: F1ACR5 | C57: 105774.2 | D57: 105778.7 | E57: 4.5 | F57: 0 | G57: 4.5 | H57: 0
A58: 1 | B58: 46189.333 | E58: 4.5 | F58: 0 | G58: 4.5 | H58: 0 | I58: 390.3 | J58: 225.4 | K58: 7.3 | L58: 4.6 | M58: 94.9
B59: Meter: F1MP25-3 | C59: 123305.2 | D59: 123306.4 | E59: 1.2 | F59: 0 | G59: 1.2 | H59: 0
A60: 1 | B60: 46189.333 | E60: 1.2 | F60: 0 | G60: 1.2 | H60: 0 | I60: 394.1 | J60: 227.6 | K60: 2.8 | L60: 1.1 | M60: 81
B61: Meter: F1L31 | C61: 188000 | D61: 188010.5 | E61: 10.5 | F61: 0 | G61: 10.5 | H61: 0
A62: 1 | B62: 46189.333 | E62: 10.5 | F62: 0 | G62: 10.5 | H62: 0 | I62: 389.9 | J62: 225.1 | K62: 16.1 | L62: 10.4 | M62: 98.2
B63: Meter: F1P11 | C63: 2056877.4 | D63: 2057103.3 | E63: 225.9 | F63: 0 | G63: 225.9 | H63: 0
A64: 1 | B64: 46189.333 | E64: 225.9 | F64: 0 | G64: 225.9 | H64: 0 | I64: 388.9 | J64: 224.5 | K64: 342.6 | L64: 218 | M64: 96.1
B65: Meter: F1ACR6 | C65: 559525.6 | D65: 559542.9 | E65: 17.3 | F65: 0 | G65: 17.3 | H65: 0
A66: 1 | B66: 46189.333 | E66: 17.3 | F66: 0 | G66: 17.3 | H66: 0 | I66: 390.2 | J66: 225.3 | K66: 27.5 | L66: 17.4 | M66: 100
B67: Meter: F1L32 | C67: 144468.9 | D67: 144475 | E67: 6.1 | F67: 0 | G67: 6.1 | H67: 0
A68: 1 | B68: 46189.333 | E68: 6.1 | F68: 0 | G68: 6.1 | H68: 0 | I68: 389.9 | J68: 225.1 | K68: 9.6 | L68: 6.1 | M68: 97.8
B69: Meter: F1P11-1 | C69: 23818 | D69: 23823 | E69: 5 | F69: 0 | G69: 5 | H69: 0
A70: 1 | B70: 46189.333 | E70: 5 | F70: 0 | G70: 5 | H70: 0 | I70: 388.7 | J70: 224.4 | K70: 11.9 | L70: 5.3 | M70: 92.6
B71: Meter: F1JM11 | C71: 1129.3 | D71: 1129.3 | E71: 0 | F71: 0 | G71: 0 | H71: 0
A72: 1 | B72: 46189.333 | E72: 0 | F72: 0 | G72: 0 | H72: 0 | I72: 390 | J72: 225.2 | K72: 0 | L72: 0 | M72: 75.7
B73: Meter: F1P11-2 | C73: 128397.6 | D73: 128417.1 | E73: 19.5 | F73: 0 | G73: 19.5 | H73: 0
A74: 1 | B74: 46189.333 | E74: 19.5 | F74: 0 | G74: 19.5 | H74: 0 | I74: 388.8 | J74: 224.5 | K74: 42 | L74: 19.3 | M74: 80.1
B75: Meter: F1MP26-1 | C75: 318771.2 | D75: 318779.5 | E75: 8.3 | F75: 0 | G75: 8.3 | H75: 0
A76: 1 | B76: 46189.333 | E76: 8.3 | F76: 0 | G76: 8.3 | H76: 0 | I76: 394.3 | J76: 227.6 | K76: 54.8 | L76: 8.1 | M76: 100
B77: Meter: F1PS1 | C77: 74553.5 | D77: 74554.5 | E77: 1 | F77: 0 | G77: 1 | H77: 0
A78: 1 | B78: 46189.333 | E78: 1 | F78: 0 | G78: 1 | H78: 0 | I78: 390.1 | J78: 225.2 | K78: 1.8 | L78: 1 | M78: 99.8
B79: Meter: F1P11-3 | C79: 21312.8 | D79: 21313.2 | E79: 0.4 | F79: 0 | G79: 0.4 | H79: 0
A80: 1 | B80: 46189.333 | E80: 0.4 | F80: 0 | G80: 0.4 | H80: 0 | I80: 388.7 | J80: 224.4 | K80: 0.7 | L80: 0.4 | M80: 99.6
B81: Meter: F1P31 | C81: 662382.1 | D81: 662466.9 | E81: 84.8 | F81: 0 | G81: 84.8 | H81: 0
A82: 1 | B82: 46189.333 | E82: 84.8 | F82: 0 | G82: 84.8 | H82: 0 | I82: 393.4 | J82: 227.1 | K82: 132.4 | L82: 84.9 | M82: 99.6
B83: Meter: LS1 | C83: 82368.7 | D83: 82368.7 | E83: 0 | F83: 0 | G83: 0 | H83: 0
A84: 1 | B84: 46189.333 | E84: 0 | F84: 0 | G84: 0 | H84: 0 | I84: 390.1 | J84: 225.2 | K84: 0 | L84: 0 | M84: 18
B85: Meter: F1P11-4 | C85: 718613.9 | D85: 718696.3 | E85: 82.4 | F85: 0 | G85: 82.4 | H85: 0
A86: 1 | B86: 46189.333 | E86: 82.4 | F86: 0 | G86: 82.4 | H86: 0 | I86: 388.7 | J86: 224.4 | K86: 133.6 | L86: 84.1 | M86: 96.3
B87: Meter: F1P31-1 | C87: 562172.8 | D87: 562208.6 | E87: 35.8 | F87: 0 | G87: 35.8 | H87: 0
A88: 1 | B88: 46189.333 | E88: 35.8 | F88: 0 | G88: 35.8 | H88: 0 | I88: 393.3 | J88: 227.1 | K88: 61.2 | L88: 35.9 | M88: 99
B89: Meter: GR1L1 | C89: 13756 | D89: 13756.9 | E89: 0.9 | F89: 0 | G89: 0.9 | H89: 0
A90: 1 | B90: 46189.333 | E90: 0.9 | F90: 0 | G90: 0.9 | H90: 0 | I90: 390 | J90: 225.2 | K90: 1.3 | L90: 0.8 | M90: 99.6
B91: Meter: F1P11-5 | C91: 833770.5 | D91: 833855.2 | E91: 84.7 | F91: 0 | G91: 84.7 | H91: 0
A92: 1 | B92: 46189.333 | E92: 84.7 | F92: 0 | G92: 84.7 | H92: 0 | I92: 388.8 | J92: 224.5 | K92: 132.5 | L92: 81.6 | M92: 93.7
B93: Meter: F1P31-2 | C93: 107649.1 | D93: 107698.6 | E93: 49.5 | F93: 0 | G93: 49.5 | H93: 0
A94: 1 | B94: 46189.333 | E94: 49.5 | F94: 0 | G94: 49.5 | H94: 0 | I94: 393.2 | J94: 227 | K94: 79.8 | L94: 49.4 | M94: 96.8
B95: Meter: F1MP26-4 | C95: 152.9 | D95: 152.9 | E95: 0 | F95: 0 | G95: 0 | H95: 0
A96: 1 | B96: 46189.333 | E96: 0 | F96: 0 | G96: 0 | H96: 0 | I96: 394.2 | J96: 227.6 | K96: 0 | L96: 0 | M96: 100
B97: Meter: F1AC11 | C97: 17071.8 | D97: 17072.1 | E97: 0.3 | F97: 0 | G97: 0.3 | H97: 0
A98: 1 | B98: 46189.333 | E98: 0.3 | F98: 0 | G98: 0.3 | H98: 0 | I98: 389.9 | J98: 225.1 | K98: 0.6 | L98: 0.3 | M98: 98.7
B99: Meter: F1MP26-5 | C99: 219578.7 | D99: 219609.8 | E99: 31.1 | F99: 0 | G99: 31.1 | H99: 0
A100: 1 | B100: 46189.333 | E100: 31.1 | F100: 0 | G100: 31.1 | H100: 0 | I100: 394.3 | J100: 227.6 | K100: 53.7 | L100: 29.7 | M100: 82.2
B101: Meter: F1AC21 | C101: 35012.1 | D101: 35019.6 | E101: 7.5 | F101: 0 | G101: 7.5 | H101: 0
A102: 1 | B102: 46189.333 | E102: 7.5 | F102: 0 | G102: 7.5 | H102: 0 | I102: 390 | J102: 225.2 | K102: 11.8 | L102: 7.4 | M102: 99.9
B103: Meter: F1MEL11 | C103: 389474.9 | D103: 389495.6 | E103: 20.7 | F103: 0 | G103: 20.7 | H103: 0
...

Sheet 每日下载读数
B1: 08：00-08：00 | D1: 每日读数
A2: F1-1F照明插座 (ổ cắm, chiếu sáng) | C2: F1L11 | D2: =VLOOKUP("*"&C2,下载!B:C,2,0) -> 271997.2
C3: F1L12 | D3: =VLOOKUP("*"&C3,下载!B:C,2,0) -> 156136.6
C4: F1EL11 | D4: =VLOOKUP("*"&C4,下载!B:C,2,0) -> 74606.7
C5: F1EL12 | D5: =VLOOKUP("*"&C5,下载!B:C,2,0) -> 53629.5
C6: F1PZ11 | D6: =VLOOKUP("*"&C6,下载!B:C,2,0) -> 36797.1
A7: F1-2F照明插座 | C7: F1L21 | D7: =VLOOKUP("*"&C7,下载!B:C,2,0) -> 25892.9
C8: F1EL21 | D8: =VLOOKUP("*"&C8,下载!B:C,2,0) -> 2989.5
C9: F1PZ21 | D9: =VLOOKUP("*"&C9,下载!B:C,2,0) -> 9493.7
A10: F1-3F照明插座 | C10: F1L31 | D10: =VLOOKUP("*"&C10,下载!B:C,2,0) -> 188000
C11: F1EL31 | D11: =VLOOKUP("*"&C11,下载!B:C,2,0) -> 56407.5
C12: F1PZ31 | D12: =VLOOKUP("*"&C12,下载!B:C,2,0) -> 18610.4
C13: F1L32 | D13: =VLOOKUP("*"&C13,下载!B:C,2,0) -> 144468.9
C14: F1EL32 | D14: =VLOOKUP("*"&C14,下载!B:C,2,0) -> 66272.8
C15: F1PZ32 | D15: =VLOOKUP("*"&C15,下载!B:C,2,0) -> 25583.9
A16: F2-1F照明插座 | C16: F2L11 | D16: =VLOOKUP("*"&C16,下载!B:C,2,0) -> 239664.1
C17: F2L12 | D17: =VLOOKUP("*"&C17,下载!B:C,2,0) -> 290474.4
C18: F2EL11 | D18: =VLOOKUP("*"&C18,下载!B:C,2,0) -> 88015.5
C19: F2EL12 | D19: =VLOOKUP("*"&C19,下载!B:C,2,0) -> 80514.8
C20: F2PZ11 | D20: =VLOOKUP("*"&C20,下载!B:C,2,0) -> 31487.7
A21: F2-2F照明插座 | C21: F2EL21 | D21: =VLOOKUP("*"&C21,下载!B:C,2,0) -> 79394.1
C22: F2L21 | D22: =VLOOKUP("*"&C22,下载!B:C,2,0) -> 311386.9
C23: F2L22 | D23: =VLOOKUP("*"&C23,下载!B:C,2,0) -> 234845.2
C24: F2EL22 | D24: =VLOOKUP("*"&C24,下载!B:C,2,0) -> 21897
C25: F2PZ21 | D25: =VLOOKUP("*"&C25,下载!B:C,2,0) -> 41469.9
C26: F2PZ22 | D26: =VLOOKUP("*"&C26,下载!B:C,2,0) -> 25948.5
A27: F2-3F照明插座 | C27: F2L31 | D27: =VLOOKUP("*"&C27,下载!B:C,2,0) -> 239187.9
C28: F2EL31 | D28: =VLOOKUP("*"&C28,下载!B:C,2,0) -> 23264
C29: F2PZ31 | D29: =VLOOKUP("*"&C29,下载!B:C,2,0) -> 25403.9
C30: F2L32 | D30: =VLOOKUP("*"&C30,下载!B:C,2,0) -> 845.7
C31: F2EL32 | D31: =VLOOKUP("*"&C31,下载!B:C,2,0) -> 20605
C32: F2PZ32 | D32: =VLOOKUP("*"&C32,下载!B:C,2,0) -> 24824.8
A33: KD1-1F照明插座 | C33: KD1EL11 | D33: =VLOOKUP("*"&C33,下载!B:C,2,0) -> 30568.6
C34: KD1EL12 | D34: =VLOOKUP("*"&C34,下载!B:C,2,0) -> 30175.1
C35: KD1PZ11 | D35: =VLOOKUP("*"&C35,下载!B:C,2,0) -> 14875.8
A36: KD1-2F照明插座 | C36: KD1EL21 | D36: =VLOOKUP("*"&C36,下载!B:C,2,0) -> 108591.4
C37: KD1PZ21 | D37: =VLOOKUP("*"&C37,下载!B:C,2,0) -> 14883.2
A38: Quạt hút (roof) | B38: F2-PFR1 | C38: F2P31-2 | D38: =VLOOKUP("*"&C38,下载!B:C,2,0) -> 643643
B39: F1PYR2 | C39: MP-EXF-01 | D39: =VLOOKUP("*"&C39,下载!B:C,2,0) -> #N/A
B40: F2PYR2 | C40: MP-EXF-02 | D40: =VLOOKUP("*"&C40,下载!B:C,2,0) -> #N/A
A41: F1-1F制程 (sản xuất) | B41: F1MP12-1 | C41: F1P11 | D41: =VLOOKUP("*"&C41,下载!B:C,2,0) -> 2056877.4
B42: F1MP13-1 | C42: F1P12 | D42: =VLOOKUP("*"&C42,下载!B:C,2,0) -> 130068.9
A43: F1-3F制程 | C43: F1P31 | D43: =VLOOKUP("*"&C43,下载!B:C,2,0) -> 662382.1
C44: F1P32 | D44: =VLOOKUP("*"&C44,下载!B:C,2,0) -> 168245
A45: F2-1F制程 | C45: F2P11 | D45: =VLOOKUP("*"&C45,下载!B:C,2,0) -> 1913820.3
C46: F2P12 | D46: =VLOOKUP("*"&C46,下载!B:C,2,0) -> 202256.4
B47: 1A排风风扇 | C47: F2MP16-4 | D47: =VLOOKUP("*"&C47,下载!B:C,2,0) -> 26477.4
B48: 1.5排风风扇 | C48: F2MP16-5 | D48: =VLOOKUP("*"&C48,下载!B:C,2,0) -> 41117.7
B49: F2pcw | C49: U1MP26-1 | D49: =VLOOKUP("*"&C49,下载!B:C,2,0) -> 610526.3
A50: F2-2F制程 | C50: F2P21 | D50: =VLOOKUP("*"&C50,下载!B:C,2,0) -> 4833843.3
C51: F2P22 | D51: =VLOOKUP("*"&C51,下载!B:C,2,0) -> 5028756.2
B52: BU7 SMT | C52: F2P22-4 | D52: =VLOOKUP("*"&C52,下载!B:C,2,0) -> 1242895.8
B53: U1PCW1 | C53: U1MP23-4 | D53: =VLOOKUP("*"&C53,下载!B:C,2,0) -> 206146.7
A54: F2-3F制程 | C54: F2P31 | D54: =VLOOKUP("*"&C54,下载!B:C,2,0) -> 2901385.9
C55: F2P32 | D55: =VLOOKUP("*"&C55,下载!B:C,2,0) -> 170018.2
A56: KD1-1F制程 | B56: MPKD-1F-01 | C56: F1MP16-5 | D56: =VLOOKUP("*"&C56,下载!B:C,2,0) -> 666302
B57: MPKD-1F-02 | C57: F2MP14-1 | D57: =VLOOKUP("*"&C57,下载!B:C,2,0) -> 2930763.7
B58: MPKD-1F-04 | C58: F2MP16-3 | D58: =VLOOKUP("*"&C58,下载!B:C,2,0) -> 607713.4
B59: KD1-1F | C59: F2MP26-5 | D59: =VLOOKUP("*"&C59,下载!B:C,2,0) -> #N/A
B60: QTR空调盘2 | C60: U1MP15-1 | D60: =VLOOKUP("*"&C60,下载!B:C,2,0) -> 1168894.6
A61: KD1-2F制程 | B61: MPKD-2F-01 | C61: F1MP26-1 | D61: =VLOOKUP("*"&C61,下载!B:C,2,0) -> 318771.2
B62: MPKD-2F-02 | C62: F1MP25-1 | D62: =VLOOKUP("*"&C62,下载!B:C,2,0) -> 961320.5
B63: MPKD-2F-03 | C63: F1MP25-3 | D63: =VLOOKUP("*"&C63,下载!B:C,2,0) -> 123305.2
B64: QTR空调盘1+空压 | C64: U1MP25-1 | D64: =VLOOKUP("*"&C64,下载!B:C,2,0) -> 1964256.1
A65: F1-1F空调 (điều hòa) | B65: F1P11 | C65: F1-1F-AC | D65: =VLOOKUP("*"&C65,下载!B:C,2,0) -> #N/A
A66: F1-1F空调 | C66: F1AC11 | D66: =VLOOKUP("*"&C66,下载!B:C,2,0) -> 17071.8
A67: F1-2F空调 | C67: F1AC21 | D67: =VLOOKUP("*"&C67,下载!B:C,2,0) -> 35012.1
A68: F1-3F空调 | C68: F1AC31 | D68: =VLOOKUP("*"&C68,下载!B:C,2,0) -> 214964.9
C69: F1AC32 | D69: =VLOOKUP("*"&C69,下载!B:C,2,0) -> 325900.4
C70: F1AC33 | D70: =VLOOKUP("*"&C70,下载!B:C,2,0) -> 383579.1
C71: F1AC34 | D71: =VLOOKUP("*"&C71,下载!B:C,2,0) -> 256185.2
A72: F1-RF空调 | C72: F1ACR1 | D72: =VLOOKUP("*"&C72,下载!B:C,2,0) -> 174072.1
C73: F1ACR2 | D73: =VLOOKUP("*"&C73,下载!B:C,2,0) -> 109866.8
C74: F1ACR3 | D74: =VLOOKUP("*"&C74,下载!B:C,2,0) -> 123440.9
C75: F1ACR4 | D75: =VLOOKUP("*"&C75,下载!B:C,2,0) -> 122968.1
C76: F1ACR5 | D76: =VLOOKUP("*"&C76,下载!B:C,2,0) -> 105774.2
C77: F1ACR6 | D77: =VLOOKUP("*"&C77,下载!B:C,2,0) -> 559525.6
A78: F2-1F空调 | B78: F2P11 | C78: F2-1F-AC | D78: =VLOOKUP("*"&C78,下载!B:C,2,0) -> #N/A
A79: F2-1F空调 | C79: F2AC11 | D79: =VLOOKUP("*"&C79,下载!B:C,2,0) -> 84673.9
A80: F2-2F空调 | C80: F2AC21 | D80: =VLOOKUP("*"&C80,下载!B:C,2,0) -> 565126.8
C81: F2AC22 | D81: =VLOOKUP("*"&C81,下载!B:C,2,0) -> 739212
C82: F2AC23 | D82: =VLOOKUP("*"&C82,下载!B:C,2,0) -> 628429.8
C83: F2AC24 | D83: =VLOOKUP("*"&C83,下载!B:C,2,0) -> 565179.1
A84: F2-3F空调 | C84: F2AC31 | D84: =VLOOKUP("*"&C84,下载!B:C,2,0) -> 346548
C85: F2AC32 | D85: =VLOOKUP("*"&C85,下载!B:C,2,0) -> 472049.6
C86: F2AC33 | D86: =VLOOKUP("*"&C86,下载!B:C,2,0) -> 483172.9
C87: F2AC34 | D87: =VLOOKUP("*"&C87,下载!B:C,2,0) -> 360984.4
A88: F2-RF空调 | C88: F2ACR1 | D88: =VLOOKUP("*"&C88,下载!B:C,2,0) -> 239334.4
C89: F2ACR2 | D89: =VLOOKUP("*"&C89,下载!B:C,2,0) -> 233480.2
C90: F2ACR3 | D90: =VLOOKUP("*"&C90,下载!B:C,2,0) -> 199650.6
C91: F2ACR4 | D91: =VLOOKUP("*"&C91,下载!B:C,2,0) -> 198215.7
C92: F2ACR5 | D92: =VLOOKUP("*"&C92,下载!B:C,2,0) -> 156691.9
C93: F2ACR6 | D93: =VLOOKUP("*"&C93,下载!B:C,2,0) -> 617075.6
A94: KD1-1F空调 | C94: KD1AC11 | D94: =VLOOKUP("*"&C94,下载!B:C,2,0) -> 179149
A95: KD1-2F空调 | C95: KD1AC21 | D95: =VLOOKUP("*"&C95,下载!B:C,2,0) -> 1016.3
A96: KD1-RF空调 | C96: KD1ACR1 | D96: =VLOOKUP("*"&C96,下载!B:C,2,0) -> 35380.6
A97: 冰机 (chiller) | B97: CH1 | C97: U1MP13-1 | D97: =VLOOKUP("*"&C97,下载!B:C,2,0) -> 1461182.7
B98: CH2 | C98: U1MP23-1 | D98: =VLOOKUP("*"&C98,下载!B:C,2,0) -> 1351683.5
B99: CH3 | C99: U1MP12-1 | D99: =VLOOKUP("*"&C99,下载!B:C,2,0) -> 4721870.7
B100: CH4 | C100: U1MP22-1 | D100: =VLOOKUP("*"&C100,下载!B:C,2,0) -> 5180527.4
...

Sheet 每日电表读数
B2: 08：00-08：00 | D2: 45658 | E2: 45659 | F2: 45660 | G2: 45661 | H2: 45662 | I2: 45663 | J2: 45664 | K2: 45665 | L2: 45666 | M2: 45667 | N2: 45668 | O2: 45669 | P2: 45670 | Q2: 45671 | R2: 45672 | S2: 45673 | T2: 45674 | U2: 45675 | V2: 45676 | W2: 45677 | X2: 45678 | Y2: 45679 | Z2: 45680 | AA2: 45681 | AB2: 45682 | AC2: 45683 | AD2: 45684 | AE2: 45685 | AF2: 45686 | AG2: 45687 | AH2: 45688 | AI2: 45689 | AJ2: 45690 | AK2: 45691 | AL2: 45692 | AM2: 45693 | AN2: 45694 | AO2: 45695 | AP2: 45696 | AQ2: 45697 | AR2: 45698 | AS2: 45699 | AT2: 45700 | AU2: 45701 | AV2: 45702 | AW2: 45703 | AX2: 45704 | AY2: 45705 | AZ2: 45706 | BA2: 45707 | BB2: 45708 | BC2: 45709 | BD2: 45710 | BE2: 45711 | BF2: 45712 | BG2: 45713 | BH2: 45714 | BI2: 45715 | BJ2: 45716 | BK2: 45717 | BL2: 45718 | BM2: 45719 | BN2: 45720 | BO2: 45721 | BP2: 45722 | BQ2: 45723 | BR2: 45724 | BS2: 45725 | BT2: 45726 | BU2: 45727 | BV2: 45728 | BW2: 45729 | BX2: 45730 | BY2: 45731 | BZ2: 45732 | CA2: 45733 | CB2: 45734 | CC2: 45735 | CD2: 45736 | CE2: 45737 | CF2: 45738 | CG2: 45739 | CH2: 45740 | CI2: 45741 | CJ2: 45742 | CK2: 45743 | CL2: 45744 | CM2: 45745 | CN2: 45746 | CO2: 45747 | CP2: 45748 | CQ2: 45749 | CR2: 45750 | CS2: 45751 | CT2: 45752 | CU2: 45753 | CV2: 45754 | CW2: 45755 | CX2: 45756 | CY2: 45757 | CZ2: 45758 | DA2: 45759 | DB2: 45760 | DC2: 45761 | DD2: 45762 | DE2: 45763 | DF2: 45764 | DG2: 45765 | DH2: 45766 | DI2: 45767 | DJ2: 45768 | DK2: 45769 | DL2: 45770 | DM2: 45771 | DN2: 45772 | DO2: 45773 | DP2: 45774 | DQ2: 45775 | DR2: 45776 | DS2: 45777 | DT2: 45778 | DU2: 45779 | DV2: 45780 | DW2: 45781 | DX2: 45782 | DY2: 45783 | DZ2: 45784 | EA2: 45785 | EB2: 45786 | EC2: 45787 | ED2: 45788 | EE2: 45789 | EF2: 45790 | EG2: 45791 | EH2: 45792 | EI2: 45793 | EJ2: 45794 | EK2: 45795 | EL2: 45796 | EM2: 45797 | EN2: 45798 | EO2: 45799 | EP2: 45800 | EQ2: 45801 | ER2: 45802 | ES2: 45803 | ET2: 45804 | EU2: 45805 | EV2: 45806 | EW2: 45807 | EX2: 45808 | EY2: 45809 | EZ2: 45810 | FA2: 45811 | FB2: 45812 | FC2: 45813 | FD2: 45814 | FE2: 45815 | FF2: 45816 | FG2: 45817 | FH2: 45818 | FI2: 45819 | FJ2: 45820 | FK2: 45821 | FL2: 45822 | FM2: 45823 | FN2: 45824 | FO2: 45825 | FP2: 45826 | FQ2: 45827 | FR2: 45828 | FS2: 45829 | FT2: 45830 | FU2: 45831 | FV2: 45832 | FW2: 45833 | FX2: 45834 | FY2: 45835 | FZ2: 45836 | GA2: 45837 | GB2: 45838 | GC2: 45839 | GD2: 45840 | GE2: 45841 | GF2: 45842 | GG2: 45843 | GH2: 45844 | GI2: 45845 | GJ2: 45846 | GK2: 45847 | GL2: 45848 | GM2: 45849 | GN2: 45850 | GO2: 45851 | GP2: 45852 | GQ2: 45853 | GR2: 45854 | GS2: 45855 | GT2: 45856 | GU2: 45857 | GV2: 45858 | GW2: 45859 | GX2: 45860 | GY2: 45861 | GZ2: 45862 | HA2: 45863 | HB2: 45864 | HC2: 45865 | HD2: 45866 | HE2: 45867 | HF2: 45868 | HG2: 45869 | HH2: 45870 | HI2: 45871 | HJ2: 45872 | HK2: 45873 | HL2: 45874 | HM2: 45875 | HN2: 45876 | HO2: 45877 | HP2: 45878 | HQ2: 45879 | HR2: 45880 | HS2: 45881 | HT2: 45882 | HU2: 45883 | HV2: 45884 | HW2: 45885 | HX2: 45886 | HY2: 45887 | HZ2: 45888 | IA2: 45889 | IB2: 45890 | IC2: 45891 | ID2: 45892 | IE2: 45893 | IF2: 45894 | IG2: 45895 | IH2: 45896 | II2: 45897 | IJ2: 45898 | IK2: 45899 | IL2: 45900 | IM2: 45901 | IN2: 45902 | IO2: 45903 | IP2: 45904 | IQ2: 45905 | IR2: 45906 | IS2: 45907 | IT2: 45908 | IU2: 45909 | IV2: 45910 | IW2: 45911 | IX2: 45912 | IY2: 45913 | IZ2: 45914 | JA2: 45915 | JB2: 45916 | JC2: 45917 | JD2: 45918 | JE2: 45919 | JF2: 45920 | JG2: 45921 | JH2: 45922 | JI2: 45923 | JJ2: 45924 | JK2: 45925 | JL2: 45926 | JM2: 45927 | JN2: 45928 | JO2: 45929 | JP2: 45930 | JQ2: 45931 | JR2: 45932 | JS2: 45933 | JT2: 45934 | JU2: 45935 | JV2: 45936 | JW2: 45937 | JX2: 45938 | JY2: 45939 | JZ2: 45940 | KA2: 45941 | KB2: 45942 | KC2: 45943 | KD2: 45944 | KE2: 45945 | KF2: 45946 | KG2: 45947 | KH2: 45948 | KI2: 45949 | KJ2: 45950 | KK2: 45951 | KL2: 45952 | KM2: 45953 | KN2: 45954 | KO2: 45955 | KP2: 45956 | KQ2: 45957 | KR2: 45958 | KS2: 45959 | KT2: 45960 | KU2: 45961 | KV2: 45962 | KW2: 45963 | KX2: 45964 | KY2: 45965 | KZ2: 45966 | LA2: 45967 | LB2: 45968 | LC2: 45969 | LD2: 45970 | LE2: 45971 | LF2: 45972 | LG2: 45973 | LH2: 45974 | LI2: 45975 | LJ2: 45976 | LK2: 45977 | LL2: 45978 | LM2: 45979 | LN2: 45980 | LO2: 45981 | LP2: 45982 | LQ2: 45983 | LR2: 45984 | LS2: 45985 | LT2: 45986 | LU2: 45987 | LV2: 45988 | LW2: 45989 | LX2: 45990 | LY2: 45991 | LZ2: 45992 | MA2: 45993 | MB2: 45994 | MC2: 45995 | MD2: 45996 | ME2: 45997 | MF2: 45998 | MG2: 45999 | MH2: 46000 | MI2: 46001 | MJ2: 46002 | MK2: 46003 | ML2: 46004 | MM2: 46005 | MN2: 46006 | MO2: 46007 | MP2: 46008 | MQ2: 46009 | MR2: 46010 | MS2: 46011 | MT2: 46012 | MU2: 46013 | MV2: 46014 | MW2: 46015 | MX2: 46016 | MY2: 46017 | MZ2: 46018 | NA2: 46019 | NB2: 46020 | NC2: 46021 | ND2: 46022 | NE2: 46023 | NF2: 46024 | NG2: 46025 | NH2: 46026 | NI2: 46027 | NJ2: 46028 | NK2: 46029 | NL2: 46030 | NM2: 46031 | NN2: 46032 | NO2: 46033 | NP2: 46034 | NQ2: 46035 | NR2: 46036 | NS2: 46037 | NT2: 46038 | NU2: 46039 | NV2: 46040 | NW2: 46041 | NX2: 46042 | NY2: 46043 | NZ2: 46044 | OA2: 46045 | OB2: 46046 | OC2: 46047 | OD2: 46048 | OE2: 46049 | OF2: 46050 | OG2: 46051 | OH2: 46052 | OI2: 46053 | OJ2: 46054 | OK2: 46055 | OL2: 46056 | OM2: 46057 | ON2: 46058 | OO2: 46059 | OP2: 46060 | OQ2: 46061 | OR2: 46062 | OS2: 46063 | OT2: 46064 | OU2: 46065 | OV2: 46066 | OW2: 46067 | OX2: 46068 | OY2: 46069 | OZ2: 46070 | PA2: 46071 | PB2: 46072 | PC2: 46073 | PD2: 46074 | PE2: 46075 | PF2: 46076 | PG2: 46077 | PH2: 46078 | PI2: 46079 | PJ2: 46080 | PK2: 46081 | PL2: 46082 | PM2: 46083 | PN2: 46084 | PO2: 46085 | PP2: 46086 | PQ2: 46087 | PR2: 46088 | PS2: 46089 | PT2: 46090 | PU2: 46091 | PV2: 46092 | PW2: 46093 | PX2: 46094 | PY2: 46095 | PZ2: 46096 | QA2: 46097 | QB2: 46098 | QC2: 46099 | QD2: 46100 | QE2: 46101 | QF2: 46102 | QG2: 46103 | QH2: 46104 | QI2: 46105 | QJ2: 46106 | QK2: 46107 | QL2: 46108 | QM2: 46109 | QN2: 46110 | QO2: 46111 | QP2: 46112 | QQ2: 46113 | QR2: 46114 | QS2: 46115 | QT2: 46116 | QU2: 46117 | QV2: 46118 | QW2: 46119 | QX2: 46120 | QY2: 46121 | QZ2: 46122 | RA2: 46123 | RB2: 46124 | RC2: 46125 | RD2: 46126 | RE2: 46127 | RF2: 46128 | RG2: 46129 | RH2: 46130 | RI2: 46131 | RJ2: 46132 | RK2: 46133 | RL2: 46134 | RM2: 46135 | RN2: 46136 | RO2: 46137 | RP2: 46138 | RQ2: 46139 | RR2: 46140 | RS2: 46141 | RT2: 46142 | RU2: 46143 | RV2: 46144 | RW2: 46145 | RX2: 46146 | RY2: 46147 | RZ2: 46148 | SA2: 46149 | SB2: 46150 | SC2: 46151 | SD2: 46152 | SE2: 46153 | SF2: 46154 | SG2: 46155 | SH2: 46156 | SI2: 46157 | SJ2: 46158 | SK2: 46159 | SL2: 46160 | SM2: 46161 | SN2: 46162 | SO2: 46163 | SP2: 46164 | SQ2: 46165 | SR2: 46166 | SS2: 46167 | ST2: 46168 | SU2: 46169 | SV2: 46170 | SW2: 46171 | SX2: 46172 | SY2: 46173 | SZ2: 46174 | TA2: 46175 | TB2: 46176 | TC2: 46177 | TD2: 46178 | TE2: 46179 | TF2: 46180 | TG2: 46181 | TH2: 46182 | TI2: 46183 | TJ2: 46184 | TK2: 46185 | TL2: 46186 | TM2: 46187 | TN2: 46188 | TO2: 46189
A3: F1-1F照明插座 (ổ cắm, chiếu sáng) | C3: F1L11 | D3: 212683.3 | E3: 212707.8 | F3: 212923.7 | G3: 213139.3 | H3: 213312.2 | I3: 213339.2 | J3: 213550.9 | K3: 213763.2 | L3: 213993.6 | M3: 214212.9 | N3: 214390.4 | O3: 214583 | P3: 214735.2 | Q3: 214967.5 | R3: 215213.8 | S3: 215473.6 | T3: 215738.8 | U3: 215971.9 | V3: 216186.7 | W3: 216220.3 | X3: 216469.3 | Y3: 216720.6 | Z3: 216974.8 | AA3: 217179.6 | AB3: 217402.6 | AC3: 217574.6 | AD3: 217607.4 | AE3: 217685.5 | AF3: 217702.1 | AG3: 217718.7 | AH3: 217739.9 | AI3: 217771.4 | AJ3: 217843.9 | AK3: 217875.9 | AL3: 218095.9 | AM3: 218313.7 | AN3: 218524.3 | AO3: 218744.3 | AP3: 218919.2 | AQ3: 219082.7 | AR3: 219113.3 | AS3: 219327.8 | AT3: 219540.8 | AU3: 219762.8 | AV3: 219984.4 | AW3: 220186.1 | AX3: 220354.8 | AY3: 220450.7 | AZ3: 220670 | BA3: 220889.2 | BB3: 221101.4 | BC3: 221326.2 | BD3: 221498.4 | BE3: 221663.7 | BF3: 221718.3 | BG3: 221936.7 | BH3: 222152.5 | BI3: 222370.1 | BJ3: 222589 | BK3: 222761.1 | BL3: 222925.2 | BM3: 222958.8 | BN3: 223184.7 | BO3: 223353.5 | BP3: 223527.8 | BQ3: 223698.8 | BR3: 223863 | BS3: 224025.8 | BT3: 224062.9 | BU3: 224235.3 | BV3: 224403.6 | BW3: 224578.6 | BX3: 224777.6 | BY3: 224946.6 | BZ3: 225132.7 | CA3: 225170.3 | CB3: 225342.8 | CC3: 225538.6 | CD3: 225741.8 | CE3: 225944 | CF3: 226161.6 | CG3: 226325.2 | CH3: 226362.1 | CI3: 226592 | CJ3: 226812.2 | CK3: 227028.4 | CL3: 227248.9 | CM3: 227439.7 | CN3: 227606.8 | CO3: 227643.1 | CP3: 227864.7 | CQ3: 228081.2 | CR3: 228305.9 | CS3: 228520.3 | CT3: 228706.7 | CU3: 228779.3 | CV3: 228790.2 | CW3: 228805.4 | CX3: 228902.1 | CY3: 229020.7 | CZ3: 229182.6 | DA3: 229278.2 | DB3: 229359.7 | DC3: 229374.2 | DD3: 229504.9 | DE3: 229656 | DF3: 229769.2 | DG3: 229884.3 | DH3: 229982 | DI3: 230079.4 | DJ3: 230091.3 | DK3: 230243.1 | DL3: 230391.8 | DM3: 230501.4 | DN3: 230620.4 | DO3: 230746 | DP3: 230855 | DQ3: 230888.1 | DR3: 231034.3 | DS3: 231143.9 | DT3: 231208.3 | DU3: 231219.2 | DV3: 231345.2 | DW3: 231468.2 | DX3: 231567.4 | DY3: 231693.9 | DZ3: 231858.8 | EA3: 232011.8 | EB3: 232044.8 | EC3: 232196.7 | ED3: 232298.9 | EE3: 232389.8 | EF3: 232530.9 | EG3: 232661.6 | EH3: 232799.8 | EI3: 232941 | EJ3: 233089.6 | EK3: 233211.4 | EL3: 233273.3 | EM3: 233392.2 | EN3: 233517.1 | EO3: 233642.2 | EP3: 233768 | EQ3: 233927.8 | ER3: 234073.1 | ES3: 234089.5 | ET3: 234233.3 | EU3: 234378.4 | EV3: 234524.7 | EW3: 234684.1 | EX3: 234833.8 | EY3: 234992.7 | EZ3: 235119.2 | FA3: 235264.2 | FB3: 235410.1 | FC3: 235564.9 | FD3: 235757.3 | FE3: 235907.8 | FF3: 236024.6 | FG3: 236143.5 | FH3: 236297.7 | FI3: 236443.7 | FJ3: 236603.9 | FK3: 236758 | FL3: 236923.6 | FM3: 237072.2 | FN3: 237086.2 | FO3: 237224.3 | FP3: 237414.5 | FQ3: 237622.4 | FR3: 237838.2 | FS3: 238048.6 | FT3: 238258.1 | FU3: 238273.3 | FV3: 238403 | FW3: 238538.8 | FX3: 238690.2 | FY3: 238861.6 | FZ3: 239027.8 | GA3: 239156.3 | GB3: 239180.7 | GC3: 239331 | GD3: 239465.1 | GE3: 239600.2 | GF3: 239736.3 | GG3: 239852.8 | GH3: 239973.5 | GI3: 239994.3 | GJ3: 240135.2 | GK3: 240278.5 | GL3: 240443.7 | GM3: 240602 | GN3: 240754.3 | GO3: 240913.2 | GP3: 240928.4 | GQ3: 241075.6 | GR3: 241231.7 | GS3: 241326.7 | GT3: 241410.2 | GU3: 241546.9 | GV3: 241626.5 | GW3: 241640.6 | GX3: 241741.7 | GY3: 241759.4 | GZ3: 241866 | HA3: 241980.6 | HB3: 242084.2 | HC3: 242175.2 | HD3: 242185.6 | HE3: 242277 | HF3: 242386 | HG3: 242507.7 | HH3: 242637.8 | HI3: 242729 | HJ3: 242818.8 | HK3: 242826 | HL3: 242931.9 | HM3: 243039.4 | HN3: 243163.3 | HO3: 243263.2 | HP3: 243346.2 | HQ3: 243422.1 | HR3: 243434.5 | HS3: 243553.3 | HT3: 243670.1 | HU3: 243770 | HV3: 243857.1 | HW3: 243935.8 | HX3: 244027 | HY3: 244036.3 | HZ3: 244138.5 | IA3: 244208.9 | IB3: 244297.4 | IC3: 244381.9 | ID3: 244461.2 | IE3: 244537.6 | IF3: 244547.2 | IG3: 244647.4 | IH3: 244740.1 | II3: 244874.7 | IJ3: 244994.7 | IK3: 245130.2 | IL3: 245216 | IM3: 245232.2 | IN3: 245238.1 | IO3: 245245.6 | IP3: 245348.5 | IQ3: 245443.2 | IR3: 245536.2 | IS3: 245620.5 | IT3: 245631.3 | IU3: 245719 | IV3: 245802.7 | IW3: 245902.7 | IX3: 246000.4 | IY3: 246100.1 | IZ3: 246192.5 | JA3: 246206 | JB3: 246305.5 | JC3: 246400.1 | JD3: 246481.9 | JE3: 246570.3 | JF3: 246668.5 | JG3: 246761.8 | JH3: 246771.6 | JI3: 246860.6 | JJ3: 246957.7 | JK3: 247066.8 | JL3: 247158.8 | JM3: 247252.7 | JN3: 247323.2 | JO3: 247340.9 | JP3: 247432.7 | JQ3: 247522 | JR3: 247599.3 | JS3: 247692.4 | JT3: 247789.9 | JU3: 247868.8 | JV3: 247878.3 | JW3: 247966.3 | JX3: 248074.3 | JY3: 248190.9 | JZ3: 248323.2 | KA3: 248450 | KB3: 248573.4 | KC3: 248588.7 | KD3: 248735 | KE3: 248871.8 | KF3: 249002.9 | KG3: 249169.4 | KH3: 249284.9 | KI3: 249401 | KJ3: 249411.6 | KK3: 249580.6 | KL3: 249707.2 | KM3: 249803.7 | KN3: 249904.1 | KO3: 250008.2 | KP3: 250109.4 | KQ3: 250126.8 | KR3: 250257.5 | KS3: 250376.7 | KT3: 250513 | KU3: 250628.9 | KV3: 250729 | KW3: 250823.9 | KX3: 250844 | KY3: 250990.7 | KZ3: 251119.4 | LA3: 251254.9 | LB3: 251377.1 | LC3: 251462.3 | LD3: 251555.9 | LE3: 251575.5 | LF3: 251672.5 | LG3: 251778.8 | LH3: 251886.7 | LI3: 251982.1 | LJ3: 252105.4 | LK3: 252206.8 | LL3: 252235.7 | LM3: 252339.7 | LN3: 252449.7 | LO3: 252598.4 | LP3: 252728.9 | LQ3: 252840 | LR3: 252955.9 | LS3: 252986.9 | LT3: 253128.1 | LU3: 253227.6 | LV3: 253327 | LW3: 253429.9 | LX3: 253512.8 | LY3: 253557.3 | LZ3: 253579.2 | MA3: 253647.4 | MB3: 253740 | MC3: 253829.4 | MD3: 253904.4 | ME3: 253973.3 | MF3: 254023.4 | MG3: 254047.7 | MH3: 254155.8 | MI3: 254262.5 | MJ3: 254409.6 | MK3: 254540.1 | ML3: 254633.8 | MM3: 254706.5 | MN3: 254733.7 | MO3: 254816.2 | MP3: 254909.6 | MQ3: 255002 | MR3: 255116.5 | MS3: 255204.3 | MT3: 255264.9 | MU3: 255277.6 | MV3: 255361.6 | MW3: 255457.6 | MX3: 255558.3 | MY3: 255653 | MZ3: 255743 | NA3: 255792.3 | NB3: 255814.1 | NC3: 255887 | ND3: 256016.3 | NE3: 256074.7 | NF3: 256101.1 | NG3: 256210.7 | NH3: 256300.2 | NI3: 256328.6 | NJ3: 256440 | NK3: 256551.7 | NL3: 256652.8 | NM3: 256761.1 | NN3: 256865.5 | NO3: 256887.1 | NP3: 256912.2 | NQ3: 256997.9 | NR3: 257101.6 | NS3: 257214.3 | NT3: 257318.2 | NU3: 257410.2 | NV3: 257499 | NW3: 257524.1 | NX3: 257612.2 | NY3: 257641.4 | NZ3: 257731.4 | OA3: 257772.1 | OB3: 257801.7 | OC3: 257820.3 | OD3: 257831.3 | OE3: 257871.8 | OF3: 257912.2 | OG3: 257961.2 | OH3: 258010.2 | OI3: 258081.1 | OJ3: 258172.2 | OK3: 258200.2 | OL3: 258312.5 | OM3: 258365.2 | ON3: 258422.6 | OO3: 258482.2 | OP3: 258531.2 | OQ3: 258563.2 | OR3: 258591 | OS3: 258686.8 | OT3: 258811.6 | OU3: 258925 | OV3: 259020.9 | OW3: 259118.7 | OX3: 259149.2 | OY3: 259155.3 | OZ3: 259161.7 | PA3: 259171.2 | PB3: 259187.6 | PC3: 259203.8 | PD3: 259220.8 | PE3: 259240.3 | PF3: 259258.9 | PG3: 259358.4 | PH3: 259459.7 | PI3: 259566.5 | PJ3: 259681.8 | PK3: 259777.1 | PL3: 259872.8 | PM3: 259903.7 | PN3: 260018.6 | PO3: 260165.4 | PP3: 260316.1 | PQ3: 260459.4 | PR3: 260560.3 | PS3: 260689.3 | PT3: 260713 | PU3: 260828.4 | PV3: 260965.2 | PW3: 261103.4 | PX3: 261250.3 | PY3: 261379.2 | PZ3: 261472.4 | QA3: 261499.4 | QB3: 261644.4 | QC3: 261781 | QD3: 261902.2 | QE3: 262028.3 | QF3: 262141.4 | QG3: 262285.7 | QH3: 262445.6 | QI3: 262581.9 | QJ3: 262735.7 | QK3: 262906.7 | QL3: 263070.5 | QM3: 263203.7 | QN3: 263310.2 | QO3: 263337.9 | QP3: 263483.5 | QQ3: 263606.3 | QR3: 263797.5 | QS3: 263926.7 | QT3: 264076.2 | QU3: 264105.4 | QV3: 264141.1 | QW3: 264280.6 | QX3: 264403.2 | QY3: 264544.1 | QZ3: 264682 | RA3: 264829.3 | RB3: 264947.9 | RC3: 264980.8 | RD3: 265119.4 | RE3: 265250.6 | RF3: 265386.2 | RG3: 265525.1 | RH3: 265644 | RI3: 265666.2 | RJ3: 265693.6 | RK3: 265811.5 | RL3: 265931.4 | RM3: 266070.1 | RN3: 266228.2 | RO3: 266346.9 | RP3: 266438.7 | RQ3: 266466.4 | RR3: 266494.9 | RS3: 266606.5 | RT3: 266705.4 | RU3: 266719.8 | RV3: 266734 | RW3: 266750.9 | RX3: 266773.8 | RY3: 266900.8 | RZ3: 267023.1 | SA3: 267163.9 | SB3: 267291.4 | SC3: 267414.2 | SD3: 267525.4 | SE3: 267671.2 | SF3: 267824 | SG3: 267966.4 | SH3: 268112.3 | SI3: 268238.1 | SJ3: 268344.5 | SK3: 268472.9 | SL3: 268505.1 | SM3: 268629.3 | SN3: 268755 | SO3: 268907.6 | SP3: 269040.6 | SQ3: 269185.5 | SR3: 269323.3 | SS3: 269355.2 | ST3: 269484.2 | SU3: 269630.6 | SV3: 269771.3 | SW3: 269917.8 | SX3: 270026.6 | SY3: 270052.3 | SZ3: 270076.7 | TA3: 270205.8 | TB3: 270349.7 | TC3: 270475.2 | TD3: 270607.3 | TE3: 270756.3 | TF3: 270910.4 | TG3: 270937.4 | TH3: 271060.5 | TI3: 271193.2 | TJ3: 271345.4 | TK3: 271504.5 | TL3: 271659.5 | TM3: 271808.5 | TN3: 271835.9 | TO3: 271997.2
C4: F1L12 | D4: 109219.3 | E4: 109326.4 | F4: 109435.5 | G4: 109561.3 | H4: 109652.7 | I4: 109691.3 | J4: 109800 | K4: 109920.9 | L4: 110031.9 | M4: 110181 | N4: 110299.2 | O4: 110396.4 | P4: 110484.2 | Q4: 110604.5 | R4: 110746.4 | S4: 110903.2 | T4: 111026.1 | U4: 111128.9 | V4: 111239 | W4: 111279 | X4: 111385.6 | Y4: 111531 | Z4: 111667.3 | AA4: 111799.4 | AB4: 111910.6 | AC4: 112015.5 | AD4: 112049.5 | AE4: 112111.5 | AF4: 112137.6 | AG4: 112164.1 | AH4: 112190.1 | AI4: 112218.3 | AJ4: 112247.1 | AK4: 112284.1 | AL4: 112425.2 | AM4: 112555.2 | AN4: 112679 | AO4: 112799.8 | AP4: 112903.2 | AQ4: 113007.6 | AR4: 113063.8 | AS4: 113202 | AT4: 113350.9 | AU4: 113482.5 | AV4: 113608.3 | AW4: 113712.6 | AX4: 113817.3 | AY4: 113855.7 | AZ4: 113997 | BA4: 114120.8 | BB4: 114289.4 | BC4: 114422.5 | BD4: 114526.7 | BE4: 114640 | BF4: 114686.9 | BG4: 114822.8 | BH4: 114966.5 | BI4: 115091.8 | BJ4: 115228.4 | BK4: 115338.5 | BL4: 115441.3 | BM4: 115480 | BN4: 115652 | BO4: 115761 | BP4: 115895.8 | BQ4: 116009.9 | BR4: 116125.7 | BS4: 116240.3 | BT4: 116278.9 | BU4: 116398.9 | BV4: 116514.1 | BW4: 116639.4 | BX4: 116751.7 | BY4: 116860.3 | BZ4: 116986.5 | CA4: 117035.3 | CB4: 117146.4 | CC4: 117258.7 | CD4: 117393.1 | CE4: 117532.9 | CF4: 117670.2 | CG4: 117783 | CH4: 117811.8 | CI4: 117956.1 | CJ4: 118110.1 | CK4: 118259.5 | CL4: 118406.4 | CM4: 118530.6 | CN4: 118630.4 | CO4: 118653.7 | CP4: 118793.7 | CQ4: 118937.1 | CR4: 119071.7 | CS4: 119179.1 | CT4: 119280.9 | CU4: 119349.5 | CV4: 119372.7 | CW4: 119398.9 | CX4: 119485 | CY4: 119583.7 | CZ4: 119688.5 | DA4: 119763.6 | DB4: 119835.4 | DC4: 119859.7 | DD4: 119973.2 | DE4: 120075.3 | DF4: 120182.3 | DG4: 120269.1 | DH4: 120348.5 | DI4: 120414 | DJ4: 120436.9 | DK4: 120550.4 | DL4: 120671.5 | DM4: 120759 | DN4: 120840.4 | DO4: 120909.9 | DP4: 120977.3 | DQ4: 121013.7 | DR4: 121118.6 | DS4: 121201.6 | DT4: 121258.3 | DU4: 121280.7 | DV4: 121386.2 | DW4: 121491 | DX4: 121564.1 | DY4: 121671.9 | DZ4: 121776.6 | EA4: 121892.9 | EB4: 121933.3 | EC4: 122047 | ED4: 122140 | EE4: 122220 | EF4: 122341.4 | EG4: 122460.8 | EH4: 122575.7 | EI4: 122705.9 | EJ4: 122816.9 | EK4: 122931 | EL4: 123035.3 | EM4: 123155.3 | EN4: 123275.1 | EO4: 123390.5 | EP4: 123503.6 | EQ4: 123627.5 | ER4: 123735.1 | ES4: 123749 | ET4: 123881.1 | EU4: 124014.6 | EV4: 124169 | EW4: 124324.7 | EX4: 124492.1 | EY4: 124647.2 | EZ4: 124796.6 | FA4: 124959.8 | FB4: 125095 | FC4: 125252.2 | FD4: 125410.5 | FE4: 125570.7 | FF4: 125703.1 | FG4: 125799.5 | FH4: 125972.6 | FI4: 126135.2 | FJ4: 126329.7 | FK4: 126489.7 | FL4: 126638 | FM4: 126794.4 | FN4: 126821.4 | FO4: 127021.8 | FP4: 127180.1 | FQ4: 127368 | FR4: 127569.5 | FS4: 127730.2 | FT4: 127900.8 | FU4: 127976.9 | FV4: 128134.9 | FW4: 128290.8 | FX4: 128486.8 | FY4: 128667.3 | FZ4: 128850.3 | GA4: 129034.7 | GB4: 129072.3 | GC4: 129240.4 | GD4: 129429.8 | GE4: 129573.9 | GF4: 129713 | GG4: 129847.4 | GH4: 129988 | GI4: 130061 | GJ4: 130210.9 | GK4: 130368.2 | GL4: 130543.6 | GM4: 130674.5 | GN4: 130817.9 | GO4: 130945.4 | GP4: 130987.6 | GQ4: 131109.9 | GR4: 131216.9 | GS4: 131341.6 | GT4: 131465.9 | GU4: 131581.3 | GV4: 131706 | GW4: 131772.2 | GX4: 131872.6 | GY4: 131917 | GZ4: 132043.7 | HA4: 132158.6 | HB4: 132269.4 | HC4: 132370.7 | HD4: 132404.7 | HE4: 132502.3 | HF4: 132617.3 | HG4: 132752.4 | HH4: 132859.2 | HI4: 132948.2 | HJ4: 133029.6 | HK4: 133055.8 | HL4: 133175.8 | HM4: 133299.3 | HN4: 133405.7 | HO4: 133495.1 | HP4: 133580.2 | HQ4: 133657.2 | HR4: 133689.2 | HS4: 133804.4 | HT4: 133906.8 | HU4: 134029.6 | HV4: 134120.5 | HW4: 134222.8 | HX4: 134319 | HY4: 134343.3 | HZ4: 134432.5 | IA4: 134520.4 | IB4: 134615.5 | IC4: 134718.8 | ID4: 134812.1 | IE4: 134902.3 | IF4: 134924.8 | IG4: 135032.8 | IH4: 135137.8 | II4: 135233.4 | IJ4: 135313.5 | IK4: 135419.1 | IL4: 135501.1 | IM4: 135545.5 | IN4: 135586.9 | IO4: 135610.7 | IP4: 135722 | IQ4: 135825.4 | IR4: 135930.2 | IS4: 136016.5 | IT4: 136054 | IU4: 136136.2 | IV4: 136237 | IW4: 136323.5 | IX4: 136418.3 | IY4: 136521.7 | IZ4: 136608.5 | JA4: 136648.7 | JB4: 136747.5 | JC4: 136844.3 | JD4: 136930.7 | JE4: 137008.3 | JF4: 137095.3 | JG4: 137183.3 | JH4: 137221.4 | JI4: 137305.7 | JJ4: 137397.6 | JK4: 137482.3 | JL4: 137568.5 | JM4: 137663 | JN4: 137739.3 | JO4: 137786.9 | JP4: 137879.1 | JQ4: 137973.6 | JR4: 138069 | JS4: 138166.7 | JT4: 138257.5 | JU4: 138332.2 | JV4: 138364.3 | JW4: 138448.9 | JX4: 138532.5 | JY4: 138627.1 | JZ4: 138733.2 | KA4: 138846.1 | KB4: 138947.1 | KC4: 138983.2 | KD4: 139093.9 | KE4: 139192.4 | KF4: 139294 | KG4: 139406.2 | KH4: 139495.1 | KI4: 139580.4 | KJ4: 139610.6 | KK4: 139726.8 | KL4: 139806.9 | KM4: 139862.4 | KN4: 139932.8 | KO4: 140018 | KP4: 140091.2 | KQ4: 140114.8 | KR4: 140184.2 | KS4: 140253.8 | KT4: 140348.2 | KU4: 140434.3 | KV4: 140499.1 | KW4: 140576.6 | KX4: 140604.6 | KY4: 140691.6 | KZ4: 140782.7 | LA4: 140873.5 | LB4: 140951.3 | LC4: 141000.5 | LD4: 141080.9 | LE4: 141094.3 | LF4: 141178.3 | LG4: 141267.9 | LH4: 141354.7 | LI4: 141428.5 | LJ4: 141503 | LK4: 141579.7 | LL4: 141604.6 | LM4: 141703 | LN4: 141784.4 | LO4: 141862.2 | LP4: 141941.9 | LQ4: 141983.2 | LR4: 142036.8 | LS4: 142060.3 | LT4: 142154.6 | LU4: 142214.4 | LV4: 142267.6 | LW4: 142322.6 | LX4: 142397.9 | LY4: 142439.6 | LZ4: 142459.6 | MA4: 142501.9 | MB4: 142548.6 | MC4: 142602.2 | MD4: 142659.8 | ME4: 142719.2 | MF4: 142774.4 | MG4: 142799.8 | MH4: 142864.2 | MI4: 142929.3 | MJ4: 143002 | MK4: 143078.6 | ML4: 143143.2 | MM4: 143214.2 | MN4: 143231.3 | MO4: 143313.2 | MP4: 143393.3 | MQ4: 143454.3 | MR4: 143528.7 | MS4: 143589 | MT4: 143656.4 | MU4: 143679.9 | MV4: 143762.2 | MW4: 143841.9 | MX4: 143923.1 | MY4: 143999.2 | MZ4: 144065.2 | NA4: 144110.7 | NB4: 144131.7 | NC4: 144210.7 | ND4: 144275 | NE4: 144326.5 | NF4: 144376.1 | NG4: 144445.6 | NH4: 144526.1 | NI4: 144551.8 | NJ4: 144646.8 | NK4: 144725.9 | NL4: 144786.8 | NM4: 144870.6 | NN4: 144952.2 | NO4: 144996.6 | NP4: 145020 | NQ4: 145116 | NR4: 145192 | NS4: 145266.1 | NT4: 145338.2 | NU4: 145398.6 | NV4: 145466.8 | NW4: 145487.7 | NX4: 145537.1 | NY4: 145648.6 | NZ4: 145709 | OA4: 145739.3 | OB4: 145766.1 | OC4: 145787.6 | OD4: 145809.1 | OE4: 145845.5 | OF4: 145881.1 | OG4: 145913.9 | OH4: 145949 | OI4: 145981.1 | OJ4: 146012.9 | OK4: 146028.8 | OL4: 146078.9 | OM4: 146123.4 | ON4: 146179.1 | OO4: 146234.2 | OP4: 146271.5 | OQ4: 146307.9 | OR4: 146337 | OS4: 146377 | OT4: 146444.7 | OU4: 146507 | OV4: 146574.7 | OW4: 146642.4 | OX4: 146666.8 | OY4: 146683.6 | OZ4: 146700.9 | PA4: 146720.8 | PB4: 146737.4 | PC4: 146754 | PD4: 146770.9 | PE4: 146788.7 | PF4: 146806.7 | PG4: 146855.9 | PH4: 146933.4 | PI4: 147009.9 | PJ4: 147088.7 | PK4: 147126.1 | PL4: 147156.9 | PM4: 147191.6 | PN4: 147271 | PO4: 147350 | PP4: 147428.5 | PQ4: 147505 | PR4: 147570.4 | PS4: 147650.5 | PT4: 147671.1 | PU4: 147756 | PV4: 147830.9 | PW4: 147914.3 | PX4: 147998.7 | PY4: 148090.1 | PZ4: 148163.5 | QA4: 148203.5 | QB4: 148295.4 | QC4: 148396.8 | QD4: 148463.7 | QE4: 148535.9 | QF4: 148605.3 | QG4: 148671.8 | QH4: 148713.2 | QI4: 148795.5 | QJ4: 148887.5 | QK4: 149001.6 | QL4: 149117.1 | QM4: 149214.2 | QN4: 149250.9 | QO4: 149272.1 | QP4: 149342.2 | QQ4: 149416.4 | QR4: 149506.9 | QS4: 149597.8 | QT4: 149701.4 | QU4: 149739.2 | QV4: 149761.4 | QW4: 149845.2 | QX4: 149970.3 | QY4: 150058.4 | QZ4: 150127.9 | RA4: 150195.8 | RB4: 150264.9 | RC4: 150293.1 | RD4: 150384.4 | RE4: 150495.3 | RF4: 150581.6 | RG4: 150669.7 | RH4: 150759.8 | RI4: 150799.5 | RJ4: 150831.6 | RK4: 150920.6 | RL4: 150998.3 | RM4: 151105.6 | RN4: 151220.8 | RO4: 151321.1 | RP4: 151374 | RQ4: 151397.4 | RR4: 151423.2 | RS4: 151483.7 | RT4: 151544.8 | RU4: 151564.2 | RV4: 151587.2 | RW4: 151612.4 | RX4: 151638.1 | RY4: 151713.7 | RZ4: 151827 | SA4: 151931 | SB4: 152036 | SC4: 152122.5 | SD4: 152192.9 | SE4: 152300.3 | SF4: 152414.2 | SG4: 152542.8 | SH4: 152649.7 | SI4: 152772.7 | SJ4: 152868.5 | SK4: 152991.4 | SL4: 153020.3 | SM4: 153144.1 | SN4: 153281.5 | SO4: 153398.2 | SP4: 153513.3 | SQ4: 153608.1 | SR4: 153715.1 | SS4: 153767 | ST4: 153895.6 | SU4: 154018.4 | SV4: 154141.9 | SW4: 154253.2 | SX4: 154351.6 | SY4: 154412 | SZ4: 154449.2 | TA4: 154572.4 | TB4: 154704 | TC4: 154838.7 | TD4: 154945.1 | TE4: 155083.8 | TF4: 155213.2 | TG4: 155249.6 | TH4: 155395 | TI4: 155520.6 | TJ4: 155644.5 | TK4: 155753.8 | TL4: 155875.6 | TM4: 155973.4 | TN4: 156003 | TO4: 156136.6
C5: F1EL11 | D5: 59768.1 | E5: 59780.3 | F5: 59835 | G5: 59888.6 | H5: 59928.9 | I5: 59941.1 | J5: 59992.1 | K5: 60045.3 | L5: 60104.1 | M5: 60158.5 | N5: 60200.5 | O5: 60251.5 | P5: 60293.6 | Q5: 60352.8 | R5: 60407.1 | S5: 60460.9 | T5: 60515.5 | U5: 60557.4 | V5: 60600.9 | W5: 60612.9 | X5: 60666.4 | Y5: 60720.9 | Z5: 60774.9 | AA5: 60818.5 | AB5: 60865.1 | AC5: 60907.1 | AD5: 60918 | AE5: 60939.6 | AF5: 60950.2 | AG5: 60960.8 | AH5: 60971.4 | AI5: 60982.1 | AJ5: 60998 | AK5: 61009.9 | AL5: 61061.4 | AM5: 61113 | AN5: 61164.1 | AO5: 61218.3 | AP5: 61261.1 | AQ5: 61302.2 | AR5: 61313.7 | AS5: 61367.9 | AT5: 61422.8 | AU5: 61477.8 | AV5: 61532.3 | AW5: 61576.7 | AX5: 61618.7 | AY5: 61663.3 | AZ5: 61715.7 | BA5: 61770.2 | BB5: 61823.4 | BC5: 61878.3 | BD5: 61922.2 | BE5: 61964.8 | BF5: 61985 | BG5: 62040.6 | BH5: 62094.9 | BI5: 62149.8 | BJ5: 62205.9 | BK5: 62251.3 | BL5: 62294.7 | BM5: 62308 | BN5: 62364.9 | BO5: 62410.6 | BP5: 62456.7 | BQ5: 62502.7 | BR5: 62548.3 | BS5: 62589 | BT5: 62602.2 | BU5: 62645.5 | BV5: 62687.6 | BW5: 62729.4 | BX5: 62779.4 | BY5: 62821 | BZ5: 62874.8 | CA5: 62890.2 | CB5: 62934.6 | CC5: 62980.6 | CD5: 63030.2 | CE5: 63079.8 | CF5: 63129.8 | CG5: 63168.8 | CH5: 63180.5 | CI5: 63226.6 | CJ5: 63273.7 | CK5: 63321.1 | CL5: 63368.3 | CM5: 63407.4 | CN5: 63444 | CO5: 63456 | CP5: 63503.6 | CQ5: 63551.9 | CR5: 63600.5 | CS5: 63646.6 | CT5: 63692.4 | CU5: 63707.6 | CV5: 63719.3 | CW5: 63731 | CX5: 63742.3 | CY5: 63754 | CZ5: 63790.5 | DA5: 63802.3 | DB5: 63817 | DC5: 63829 | DD5: 63840.9 | DE5: 63853.1 | DF5: 63879.5 | DG5: 63893 | DH5: 63910.7 | DI5: 63928 | DJ5: 63939.4 | DK5: 63979.2 | DL5: 63990 | DM5: 64002.1 | DN5: 64021.6 | DO5: 64061.6 | DP5: 64069.5 | DQ5: 64078 | DR5: 64116.3 | DS5: 64138.8 | DT5: 64149.8 | DU5: 64160.8 | DV5: 64200.9 | DW5: 64243 | DX5: 64274 | DY5: 64301.6 | DZ5: 64342.4 | EA5: 64378.6 | EB5: 64393.6 | EC5: 64438.4 | ED5: 64473.9 | EE5: 64509.1 | EF5: 64550.9 | EG5: 64593.5 | EH5: 64638.2 | EI5: 64680.3 | EJ5: 64720.6 | EK5: 64751.1 | EL5: 64761.4 | EM5: 64777.8 | EN5: 64800.7 | EO5: 64820.8 | EP5: 64844.6 | EQ5: 64855.3 | ER5: 64897.6 | ES5: 64902.5 | ET5: 64944 | EU5: 64988.9 | EV5: 65031.4 | EW5: 65075 | EX5: 65122.2 | EY5: 65166.2 | EZ5: 65202.5 | FA5: 65240.9 | FB5: 65283.1 | FC5: 65324.9 | FD5: 65366.8 | FE5: 65411.7 | FF5: 65449.4 | FG5: 65476.9 | FH5: 65522.9 | FI5: 65569.5 | FJ5: 65612.8 | FK5: 65645.9 | FL5: 65671.5 | FM5: 65715 | FN5: 65726.4 | FO5: 65775.1 | FP5: 65830.1 | FQ5: 65871.3 | FR5: 65912 | FS5: 65978.4 | FT5: 66048 | FU5: 66058.9 | FV5: 66105 | FW5: 66151.1 | FX5: 66199.6 | FY5: 66245.4 | FZ5: 66287.5 | GA5: 66327.9 | GB5: 66338.6 | GC5: 66389.7 | GD5: 66434.8 | GE5: 66480.8 | GF5: 66524.7 | GG5: 66568.7 | GH5: 66598 | GI5: 66607.6 | GJ5: 66631.2 | GK5: 66657.8 | GL5: 66696.2 | GM5: 66740.3 | GN5: 66784.2 | GO5: 66831.4 | GP5: 66850.5 | GQ5: 66900.1 | GR5: 66941.3 | GS5: 66960.3 | GT5: 66976.2 | GU5: 66999.9 | GV5: 67025.9 | GW5: 67034.9 | GX5: 67049.8 | GY5: 67062 | GZ5: 67095.4 | HA5: 67116.3 | HB5: 67128 | HC5: 67138.8 | HD5: 67147.6 | HE5: 67161 | HF5: 67187.1 | HG5: 67195.3 | HH5: 67207.2 | HI5: 67232.7 | HJ5: 67259.4 | HK5: 67269.4 | HL5: 67282.3 | HM5: 67295 | HN5: 67304.9 | HO5: 67329.8 | HP5: 67351.2 | HQ5: 67364.5 | HR5: 67373.9 | HS5: 67389.7 | HT5: 67399.8 | HU5: 67415.3 | HV5: 67424.1 | HW5: 67434.1 | HX5: 67452.1 | HY5: 67461.8 | HZ5: 67485.2 | IA5: 67502.7 | IB5: 67518.1 | IC5: 67536.6 | ID5: 67556.4 | IE5: 67572.7 | IF5: 67581.1 | IG5: 67596.8 | IH5: 67613.8 | II5: 67634.5 | IJ5: 67659.8 | IK5: 67688 | IL5: 67716.9 | IM5: 67725.6 | IN5: 67733.9 | IO5: 67740.1 | IP5: 67764.6 | IQ5: 67781.5 | IR5: 67796.4 | IS5: 67806.6 | IT5: 67814.9 | IU5: 67833 | IV5: 67848.4 | IW5: 67865.7 | IX5: 67876.1 | IY5: 67886.4 | IZ5: 67901.5 | JA5: 67910.1 | JB5: 67926.2 | JC5: 67937.5 | JD5: 67951.2 | JE5: 67970.1 | JF5: 67988.5 | JG5: 68008.6 | JH5: 68017.4 | JI5: 68048.1 | JJ5: 68077.7 | JK5: 68107.8 | JL5: 68133.9 | JM5: 68159.8 | JN5: 68183 | JO5: 68192.3 | JP5: 68221.9 | JQ5: 68247.8 | JR5: 68275.8 | JS5: 68287.8 | JT5: 68304.7 | JU5: 68319 | JV5: 68327.3 | JW5: 68345.8 | JX5: 68360.2 | JY5: 68382.2 | JZ5: 68398.3 | KA5: 68418.5 | KB5: 68431.8 | KC5: 68443.5 | KD5: 68454.4 | KE5: 68469 | KF5: 68478.9 | KG5: 68514.7 | KH5: 68525.1 | KI5: 68537.8 | KJ5: 68546.5 | KK5: 68579.7 | KL5: 68593.7 | KM5: 68608.4 | KN5: 68624.5 | KO5: 68649.1 | KP5: 68672 | KQ5: 68680.1 | KR5: 68714.2 | KS5: 68743.2 | KT5: 68775.7 | KU5: 68808.5 | KV5: 68821.1 | KW5: 68834.4 | KX5: 68842.8 | KY5: 68865.6 | KZ5: 68885.5 | LA5: 68897.9 | LB5: 68909 | LC5: 68934 | LD5: 68957.3 | LE5: 68961.6 | LF5: 68975.8 | LG5: 68986.4 | LH5: 68999.5 | LI5: 69016.3 | LJ5: 69040.7 | LK5: 69053.7 | LL5: 69062.2 | LM5: 69077.6 | LN5: 69098.4 | LO5: 69129.3 | LP5: 69160 | LQ5: 69179.9 | LR5: 69191.7 | LS5: 69199.5 | LT5: 69229.2 | LU5: 69243 | LV5: 69259.2 | LW5: 69276.1 | LX5: 69287.5 | LY5: 69299.4 | LZ5: 69308.5 | MA5: 69320.1 | MB5: 69344.9 | MC5: 69365.1 | MD5: 69374.8 | ME5: 69386.1 | MF5: 69399.4 | MG5: 69409 | MH5: 69420.2 | MI5: 69430.8 | MJ5: 69461.3 | MK5: 69492.4 | ML5: 69509.4 | MM5: 69523.7 | MN5: 69533.1 | MO5: 69544.1 | MP5: 69556.1 | MQ5: 69566.2 | MR5: 69590.9 | MS5: 69602.3 | MT5: 69614.5 | MU5: 69623.7 | MV5: 69639.8 | MW5: 69654.3 | MX5: 69665.9 | MY5: 69680.6 | MZ5: 69690.5 | NA5: 69699.6 | NB5: 69707.6 | NC5: 69718.8 | ND5: 69751.1 | NE5: 69771.5 | NF5: 69781.8 | NG5: 69812.3 | NH5: 69837.3 | NI5: 69845.4 | NJ5: 69856.7 | NK5: 69875.5 | NL5: 69900.6 | NM5: 69940.7 | NN5: 69961.9 | NO5: 69971.3 | NP5: 69980.5 | NQ5: 70004.6 | NR5: 70027.9 | NS5: 70058.7 | NT5: 70083.5 | NU5: 70110.9 | NV5: 70127.3 | NW5: 70134.8 | NX5: 70147.3 | NY5: 70159.4 | NZ5: 70175.8 | OA5: 70192.7 | OB5: 70209.4 | OC5: 70219.4 | OD5: 70231.5 | OE5: 70246.3 | OF5: 70263.7 | OG5: 70282 | OH5: 70303.1 | OI5: 70328.2 | OJ5: 70353.5 | OK5: 70364.5 | OL5: 70381.1 | OM5: 70405.6 | ON5: 70419.9 | OO5: 70436.1 | OP5: 70462.4 | OQ5: 70474.2 | OR5: 70484.9 | OS5: 70510.9 | OT5: 70547.5 | OU5: 70580.8 | OV5: 70618.6 | OW5: 70644.4 | OX5: 70655.9 | OY5: 70665.3 | OZ5: 70674.6 | PA5: 70683.9 | PB5: 70693.2 | PC5: 70702.5 | PD5: 70711.9 | PE5: 70721.2 | PF5: 70730.8 | PG5: 70745.5 | PH5: 70778.1 | PI5: 70791.1 | PJ5: 70827.9 | PK5: 70848.1 | PL5: 70867.8 | PM5: 70883 | PN5: 70919.7 | PO5: 70962 | PP5: 71005.4 | PQ5: 71051.1 | PR5: 71084.8 | PS5: 71124.4 | PT5: 71135.6 | PU5: 71178.2 | PV5: 71217.6 | PW5: 71262.9 | PX5: 71292.1 | PY5: 71323 | PZ5: 71344.5 | QA5: 71357.6 | QB5: 71399.2 | QC5: 71443.5 | QD5: 71483.6 | QE5: 71521.7 | QF5: 71563.9 | QG5: 71615.4 | QH5: 71646.9 | QI5: 71686 | QJ5: 71733 | QK5: 71776.3 | QL5: 71816 | QM5: 71863.5 | QN5: 71892.2 | QO5: 71903.5 | QP5: 71936.7 | QQ5: 71977.1 | QR5: 72019.7 | QS5: 72047.8 | QT5: 72082.8 | QU5: 72093.2 | QV5: 72107.9 | QW5: 72151.8 | QX5: 72194.3 | QY5: 72238.4 | QZ5: 72279.6 | RA5: 72323.9 | RB5: 72354.1 | RC5: 72366.1 | RD5: 72401.9 | RE5: 72452.7 | RF5: 72496.2 | RG5: 72540.9 | RH5: 72580.9 | RI5: 72592.5 | RJ5: 72604.2 | RK5: 72647.6 | RL5: 72690.5 | RM5: 72734.5 | RN5: 72767.6 | RO5: 72810.7 | RP5: 72846.3 | RQ5: 72859.6 | RR5: 72874.5 | RS5: 72916.1 | RT5: 72938.1 | RU5: 72947.7 | RV5: 72957.8 | RW5: 72968.2 | RX5: 72980.3 | RY5: 73015.4 | RZ5: 73064 | SA5: 73106.7 | SB5: 73149.8 | SC5: 73192.4 | SD5: 73227.8 | SE5: 73246.1 | SF5: 73290.4 | SG5: 73333.8 | SH5: 73379.5 | SI5: 73422.8 | SJ5: 73456.2 | SK5: 73492.7 | SL5: 73504 | SM5: 73542.9 | SN5: 73585.5 | SO5: 73635.4 | SP5: 73677.8 | SQ5: 73722.9 | SR5: 73769.3 | SS5: 73784.3 | ST5: 73823.7 | SU5: 73864 | SV5: 73905.6 | SW5: 73950.7 | SX5: 73994.8 | SY5: 74005.9 | SZ5: 74017.2 | TA5: 74056.6 | TB5: 74095.2 | TC5: 74137.8 | TD5: 74182.8 | TE5: 74229 | TF5: 74269.4 | TG5: 74284.6 | TH5: 74330.4 | TI5: 74376.2 | TJ5: 74420.1 | TK5: 74459.7 | TL5: 74498.4 | TM5: 74543.4 | TN5: 74556.1 | TO5: 74606.7
C6: F1EL12 | D6: 41530.8 | E6: 41553.4 | F6: 41578 | G6: 41614.5 | H6: 41651.1 | I6: 41654.8 | J6: 41699.6 | K6: 41742.2 | L6: 41769.7 | M6: 41809.8 | N6: 41844.6 | O6: 41871.6 | P6: 41899.4 | Q6: 41945.4 | R6: 41984 | S6: 42032.7 | T6: 42078.6 | U6: 42113.4 | V6: 42147 | W6: 42149.6 | X6: 42190.7 | Y6: 42240.9 | Z6: 42285 | AA6: 42316.1 | AB6: 42353.2 | AC6: 42384.2 | AD6: 42387.7 | AE6: 42391.2 | AF6: 42394.7 | AG6: 42398.2 | AH6: 42401.6 | AI6: 42405.1 | AJ6: 42408.5 | AK6: 42413 | AL6: 42454.5 | AM6: 42491.4 | AN6: 42528.5 | AO6: 42566.8 | AP6: 42599.2 | AQ6: 42627.2 | AR6: 42631.2 | AS6: 42670.5 | AT6: 42713.9 | AU6: 42753 | AV6: 42791.4 | AW6: 42821.7 | AX6: 42851 | AY6: 42855.1 | AZ6: 42890.4 | BA6: 42932 | BB6: 42978.9 | BC6: 43020.6 | BD6: 43053.3 | BE6: 43089.7 | BF6: 43097.9 | BG6: 43138.3 | BH6: 43184.2 | BI6: 43223.4 | BJ6: 43269.5 | BK6: 43301 | BL6: 43331.6 | BM6: 43335.8 | BN6: 43386.6 | BO6: 43422.4 | BP6: 43456.3 | BQ6: 43490.7 | BR6: 43520.8 | BS6: 43556.5 | BT6: 43560.7 | BU6: 43595.6 | BV6: 43629.7 | BW6: 43668.1 | BX6: 43704.8 | BY6: 43740.2 | BZ6: 43772.5 | CA6: 43778.1 | CB6: 43811.8 | CC6: 43851.9 | CD6: 43906.1 | CE6: 43950.9 | CF6: 43997.2 | CG6: 44031.4 | CH6: 44036.7 | CI6: 44084.9 | CJ6: 44136.8 | CK6: 44184.4 | CL6: 44234 | CM6: 44269.1 | CN6: 44298.6 | CO6: 44304.1 | CP6: 44350.7 | CQ6: 44399 | CR6: 44445.1 | CS6: 44480.5 | CT6: 44511 | CU6: 44525.9 | CV6: 44530.2 | CW6: 44534.8 | CX6: 44556.7 | CY6: 44580.7 | CZ6: 44611.5 | DA6: 44619.6 | DB6: 44633.2 | DC6: 44637.8 | DD6: 44659.7 | DE6: 44685.9 | DF6: 44698.4 | DG6: 44717.1 | DH6: 44731.9 | DI6: 44741.4 | DJ6: 44745.9 | DK6: 44773 | DL6: 44795.5 | DM6: 44811.7 | DN6: 44819.9 | DO6: 44828.5 | DP6: 44836.6 | DQ6: 44842 | DR6: 44868.4 | DS6: 44874.4 | DT6: 44891.1 | DU6: 44895.9 | DV6: 44913.3 | DW6: 44941.7 | DX6: 44955.3 | DY6: 44968.5 | DZ6: 44978.2 | EA6: 44992.6 | EB6: 44999.1 | EC6: 45020.3 | ED6: 45034.4 | EE6: 45054 | EF6: 45075.9 | EG6: 45109.1 | EH6: 45127.6 | EI6: 45146.7 | EJ6: 45177.8 | EK6: 45207 | EL6: 45233.5 | EM6: 45258.7 | EN6: 45276.1 | EO6: 45293.6 | EP6: 45310.3 | EQ6: 45330.3 | ER6: 45357.9 | ES6: 45359.8 | ET6: 45386.4 | EU6: 45421.6 | EV6: 45449.5 | EW6: 45491.5 | EX6: 45528.8 | EY6: 45556.5 | EZ6: 45590.3 | FA6: 45617.6 | FB6: 45644 | FC6: 45702.1 | FD6: 45751.2 | FE6: 45776.4 | FF6: 45803.9 | FG6: 45834.6 | FH6: 45866.7 | FI6: 45898.1 | FJ6: 45948.6 | FK6: 45983.4 | FL6: 46033.7 | FM6: 46066.4 | FN6: 46070.7 | FO6: 46124.1 | FP6: 46193.3 | FQ6: 46260 | FR6: 46321.4 | FS6: 46353.2 | FT6: 46409.4 | FU6: 46417.4 | FV6: 46471.3 | FW6: 46518.1 | FX6: 46571.3 | FY6: 46615.7 | FZ6: 46660.1 | GA6: 46700 | GB6: 46704.3 | GC6: 46750.3 | GD6: 46800.1 | GE6: 46830.6 | GF6: 46855 | GG6: 46880.5 | GH6: 46918.5 | GI6: 46933.6 | GJ6: 46957 | GK6: 46981.3 | GL6: 47002.3 | GM6: 47028.6 | GN6: 47061.6 | GO6: 47102.2 | GP6: 47107.6 | GQ6: 47132.8 | GR6: 47153.8 | GS6: 47183.4 | GT6: 47211.5 | GU6: 47230.3 | GV6: 47251 | GW6: 47256.4 | GX6: 47268.8 | GY6: 47274.2 | GZ6: 47294.2 | HA6: 47304.4 | HB6: 47322.1 | HC6: 47355.2 | HD6: 47361.5 | HE6: 47395 | HF6: 47427.6 | HG6: 47465.5 | HH6: 47498.2 | HI6: 47515.2 | HJ6: 47531.1 | HK6: 47537.4 | HL6: 47560.2 | HM6: 47573 | HN6: 47585.7 | HO6: 47592.2 | HP6: 47616.2 | HQ6: 47628.5 | HR6: 47633.9 | HS6: 47649.4 | HT6: 47658.3 | HU6: 47668.1 | HV6: 47673.6 | HW6: 47679.3 | HX6: 47688.2 | HY6: 47693.6 | HZ6: 47712.3 | IA6: 47719.2 | IB6: 47729.7 | IC6: 47740.3 | ID6: 47751.5 | IE6: 47763.2 | IF6: 47768.6 | IG6: 47783.7 | IH6: 47792.8 | II6: 47815.3 | IJ6: 47838.1 | IK6: 47869.5 | IL6: 47890.7 | IM6: 47896.1 | IN6: 47901.5 | IO6: 47906 | IP6: 47917.9 | IQ6: 47937.8 | IR6: 47952.4 | IS6: 47964.7 | IT6: 47970.3 | IU6: 47993 | IV6: 48007.7 | IW6: 48024 | IX6: 48041.9 | IY6: 48046.3 | IZ6: 48056.6 | JA6: 48060.9 | JB6: 48066.8 | JC6: 48073.5 | JD6: 48100.7 | JE6: 48111.8 | JF6: 48138.6 | JG6: 48155.7 | JH6: 48160.4 | JI6: 48195.7 | JJ6: 48224.6 | JK6: 48251.6 | JL6: 48280.2 | JM6: 48307.2 | JN6: 48337.6 | JO6: 48358.8 | JP6: 48384.8 | JQ6: 48421.2 | JR6: 48454.4 | JS6: 48488.5 | JT6: 48523.2 | JU6: 48545 | JV6: 48549.6 | JW6: 48559 | JX6: 48578.2 | JY6: 48589.1 | JZ6: 48593.6 | KA6: 48613.9 | KB6: 48621 | KC6: 48625.3 | KD6: 48634.5 | KE6: 48651.9 | KF6: 48660 | KG6: 48672.7 | KH6: 48697.3 | KI6: 48721.9 | KJ6: 48726.2 | KK6: 48758.4 | KL6: 48769.3 | KM6: 48780.4 | KN6: 48800.2 | KO6: 48828.9 | KP6: 48857.7 | KQ6: 48862.5 | KR6: 48894 | KS6: 48924.9 | KT6: 48951.8 | KU6: 48964 | KV6: 48986.9 | KW6: 49007.4 | KX6: 49012 | KY6: 49027.7 | KZ6: 49042.1 | LA6: 49050.1 | LB6: 49056.5 | LC6: 49078.1 | LD6: 49094 | LE6: 49096.9 | LF6: 49113.1 | LG6: 49130.1 | LH6: 49153.1 | LI6: 49177.1 | LJ6: 49197.1 | LK6: 49214.4 | LL6: 49219 | LM6: 49231.7 | LN6: 49239.3 | LO6: 49255.2 | LP6: 49277 | LQ6: 49281.4 | LR6: 49287 | LS6: 49291.3 | LT6: 49315.4 | LU6: 49319.8 | LV6: 49324.2 | LW6: 49328.7 | LX6: 49346.2 | LY6: 49366.7 | LZ6: 49371 | MA6: 49375.5 | MB6: 49382.9 | MC6: 49387.5 | MD6: 49391.9 | ME6: 49396.3 | MF6: 49400.7 | MG6: 49408 | MH6: 49413 | MI6: 49423 | MJ6: 49447.6 | MK6: 49472.4 | ML6: 49497.7 | MM6: 49514 | MN6: 49518.4 | MO6: 49539.8 | MP6: 49545.9 | MQ6: 49565.5 | MR6: 49570.4 | MS6: 49574.9 | MT6: 49579.3 | MU6: 49583.6 | MV6: 49588.1 | MW6: 49593.4 | MX6: 49604.2 | MY6: 49614.6 | MZ6: 49624.9 | NA6: 49630.1 | NB6: 49635.7 | NC6: 49646.6 | ND6: 49658.3 | NE6: 49677 | NF6: 49696.3 | NG6: 49724.2 | NH6: 49755.8 | NI6: 49766.9 | NJ6: 49800.2 | NK6: 49805.5 | NL6: 49811 | NM6: 49826.3 | NN6: 49843.5 | NO6: 49863.7 | NP6: 49883.1 | NQ6: 49917.1 | NR6: 49946.2 | NS6: 49967.8 | NT6: 49985.1 | NU6: 50009.3 | NV6: 50043.1 | NW6: 50048.3 | NX6: 50071 | NY6: 50120.8 | NZ6: 50142.1 | OA6: 50148.1 | OB6: 50153.5 | OC6: 50158.8 | OD6: 50164 | OE6: 50184.3 | OF6: 50208.3 | OG6: 50227.3 | OH6: 50233.7 | OI6: 50246.1 | OJ6: 50267.7 | OK6: 50285.4 | OL6: 50309.8 | OM6: 50332 | ON6: 50356.8 | OO6: 50362.5 | OP6: 50371.8 | OQ6: 50380.5 | OR6: 50383.5 | OS6: 50389.8 | OT6: 50398.4 | OU6: 50410.1 | OV6: 50428.4 | OW6: 50443.4 | OX6: 50451 | OY6: 50456.2 | OZ6: 50461.4 | PA6: 50466.5 | PB6: 50471.7 | PC6: 50476.8 | PD6: 50482.5 | PE6: 50488.8 | PF6: 50495.2 | PG6: 50506.9 | PH6: 50533 | PI6: 50562.1 | PJ6: 50588.1 | PK6: 50605.5 | PL6: 50639.3 | PM6: 50667 | PN6: 50690.5 | PO6: 50723.1 | PP6: 50767.5 | PQ6: 50803.3 | PR6: 50836.4 | PS6: 50876.2 | PT6: 50880.5 | PU6: 50915.7 | PV6: 50952.4 | PW6: 50988.5 | PX6: 51029.9 | PY6: 51062.5 | PZ6: 51079.3 | QA6: 51107.8 | QB6: 51146.6 | QC6: 51186.8 | QD6: 51221.6 | QE6: 51264 | QF6: 51307.5 | QG6: 51346.3 | QH6: 51351.6 | QI6: 51385.1 | QJ6: 51412.7 | QK6: 51435.1 | QL6: 51471.6 | QM6: 51508.2 | QN6: 51537 | QO6: 51542.3 | QP6: 51585.6 | QQ6: 51622.9 | QR6: 51660.2 | QS6: 51696.5 | QT6: 51727.4 | QU6: 51734.3 | QV6: 51738.7 | QW6: 51769.3 | QX6: 51811.4 | QY6: 51848.4 | QZ6: 51883.2 | RA6: 51926.4 | RB6: 51954.5 | RC6: 51960 | RD6: 51995.2 | RE6: 52028.4 | RF6: 52070.4 | RG6: 52112.7 | RH6: 52136.2 | RI6: 52156.8 | RJ6: 52167.2 | RK6: 52190.3 | RL6: 52213.2 | RM6: 52253.6 | RN6: 52289 | RO6: 52310.8 | RP6: 52325.2 | RQ6: 52329.5 | RR6: 52333.8 | RS6: 52350.7 | RT6: 52374.2 | RU6: 52378.5 | RV6: 52382.9 | RW6: 52387.2 | RX6: 52391.7 | RY6: 52427.3 | RZ6: 52457 | SA6: 52491.9 | SB6: 52524.5 | SC6: 52546.2 | SD6: 52563.7 | SE6: 52596.4 | SF6: 52628.5 | SG6: 52663.8 | SH6: 52703 | SI6: 52724.7 | SJ6: 52743.7 | SK6: 52759.4 | SL6: 52764.5 | SM6: 52798.5 | SN6: 52831.6 | SO6: 52871.7 | SP6: 52914.1 | SQ6: 52954.8 | SR6: 52992.1 | SS6: 52998.3 | ST6: 53038.8 | SU6: 53081.6 | SV6: 53108.4 | SW6: 53145.9 | SX6: 53176.1 | SY6: 53211.5 | SZ6: 53216.7 | TA6: 53260.5 | TB6: 53299.1 | TC6: 53321.2 | TD6: 53363.1 | TE6: 53402 | TF6: 53419 | TG6: 53424.3 | TH6: 53441.3 | TI6: 53486.6 | TJ6: 53502.7 | TK6: 53528.9 | TL6: 53568.6 | TM6: 53587.5 | TN6: 53592.6 | TO6: 53629.5
C7: F1PZ11 | D7: 22181 | E7: 22194 | F7: 22213.4 | G7: 22232.4 | H7: 22250 | I7: 22261.9 | J7: 22282.6 | K7: 22302.3 | L7: 22321.5 | M7: 22342.8 | N7: 22363.9 | O7: 22384.4 | P7: 22394 | Q7: 22420.3 | R7: 22440 | S7: 22456 | T7: 22486.8 | U7: 22508.9 | V7: 22537.9 | W7: 22552.4 | X7: 22583.7 | Y7: 22616.9 | Z7: 22643.1 | AA7: 22674.8 | AB7: 22697.8 | AC7: 22726.6 | AD7: 22750.5 | AE7: 22765.2 | AF7: 22776 | AG7: 22787.6 | AH7: 22799 | AI7: 22807.9 | AJ7: 22817.3 | AK7: 22827.2 | AL7: 22860.2 | AM7: 22890.1 | AN7: 22915.4 | AO7: 22943.6 | AP7: 22970.8 | AQ7: 23002.3 | AR7: 23015.4 | AS7: 23050.6 | AT7: 23081.7 | AU7: 23114 | AV7: 23138.5 | AW7: 23164.6 | AX7: 23188.4 | AY7: 23201.9 | AZ7: 23225.8 | BA7: 23248.4 | BB7: 23283 | BC7: 23309.3 | BD7: 23334.5 | BE7: 23360.1 | BF7: 23372.2 | BG7: 23394.5 | BH7: 23422 | BI7: 23443.7 | BJ7: 23472.5 | BK7: 23497.5 | BL7: 23528.2 | BM7: 23540.8 | BN7: 23583.6 | BO7: 23625.5 | BP7: 23661.4 | BQ7: 23705.6 | BR7: 23746.7 | BS7: 23789.2 | BT7: 23819.3 | BU7: 23874.8 | BV7: 23913.6 | BW7: 23957.7 | BX7: 23995.9 | BY7: 24037.1 | BZ7: 24078.7 | CA7: 24108 | CB7: 24138.7 | CC7: 24182 | CD7: 24227.9 | CE7: 24266.2 | CF7: 24311.4 | CG7: 24361.5 | CH7: 24375.5 | CI7: 24420.6 | CJ7: 24474.5 | CK7: 24511.1 | CL7: 24555.8 | CM7: 24594.1 | CN7: 24636.8 | CO7: 24664.4 | CP7: 24707.2 | CQ7: 24763.8 | CR7: 24816.8 | CS7: 24855.2 | CT7: 24889.4 | CU7: 24921.3 | CV7: 24930.3 | CW7: 24947.8 | CX7: 24991.6 | CY7: 25033.5 | CZ7: 25070.1 | DA7: 25106.5 | DB7: 25149.3 | DC7: 25160.8 | DD7: 25196.8 | DE7: 25230.2 | DF7: 25264.2 | DG7: 25297.6 | DH7: 25342.4 | DI7: 25391.4 | DJ7: 25401.6 | DK7: 25435.3 | DL7: 25477.2 | DM7: 25504.4 | DN7: 25536.3 | DO7: 25584.9 | DP7: 25615.4 | DQ7: 25631.3 | DR7: 25665.9 | DS7: 25706.5 | DT7: 25722 | DU7: 25732.7 | DV7: 25785.8 | DW7: 25814.3 | DX7: 25837.5 | DY7: 25878.2 | DZ7: 25935.1 | EA7: 25985.8 | EB7: 26010 | EC7: 26063.5 | ED7: 26096.4 | EE7: 26107.3 | EF7: 26169.1 | EG7: 26212.9 | EH7: 26251.1 | EI7: 26308.4 | EJ7: 26346.5 | EK7: 26402.8 | EL7: 26428.6 | EM7: 26485.5 | EN7: 26528.4 | EO7: 26580.7 | EP7: 26629.4 | EQ7: 26698.8 | ER7: 26733.6 | ES7: 26745.5 | ET7: 26780.1 | EU7: 26875.9 | EV7: 26912.2 | EW7: 26967.1 | EX7: 27023.4 | EY7: 27082.4 | EZ7: 27100.6 | FA7: 27146.4 | FB7: 27192.3 | FC7: 27244.6 | FD7: 27274.3 | FE7: 27320.9 | FF7: 27353.9 | FG7: 27366.8 | FH7: 27418.9 | FI7: 27455.2 | FJ7: 27506 | FK7: 27555 | FL7: 27586.5 | FM7: 27629.8 | FN7: 27637.3 | FO7: 27677.3 | FP7: 27723.5 | FQ7: 27782.7 | FR7: 27817.9 | FS7: 27877.9 | FT7: 27924.6 | FU7: 27935 | FV7: 27988.1 | FW7: 28026.3 | FX7: 28080.1 | FY7: 28112.2 | FZ7: 28144.2 | GA7: 28174.1 | GB7: 28188.2 | GC7: 28255.6 | GD7: 28293.9 | GE7: 28341.7 | GF7: 28386.2 | GG7: 28452.4 | GH7: 28501.4 | GI7: 28510.4 | GJ7: 28572.9 | GK7: 28621.1 | GL7: 28678 | GM7: 28692.9 | GN7: 28741.7 | GO7: 28765.5 | GP7: 28771.9 | GQ7: 28809.6 | GR7: 28844.7 | GS7: 28891.4 | GT7: 28930.1 | GU7: 28969.6 | GV7: 28989 | GW7: 28998.4 | GX7: 29023.5 | GY7: 29030.5 | GZ7: 29059.4 | HA7: 29088.8 | HB7: 29113.6 | HC7: 29141 | HD7: 29147.4 | HE7: 29177.2 | HF7: 29209.8 | HG7: 29250.6 | HH7: 29280.3 | HI7: 29307.4 | HJ7: 29337 | HK7: 29344.3 | HL7: 29386 | HM7: 29417.4 | HN7: 29445.8 | HO7: 29469.8 | HP7: 29495.1 | HQ7: 29513.7 | HR7: 29519.7 | HS7: 29545.8 | HT7: 29572.1 | HU7: 29595.5 | HV7: 29619.4 | HW7: 29641.4 | HX7: 29661.6 | HY7: 29669.6 | HZ7: 29696.6 | IA7: 29720.5 | IB7: 29749.4 | IC7: 29775.4 | ID7: 29800 | IE7: 29823.4 | IF7: 29834.5 | IG7: 29866.3 | IH7: 29891.3 | II7: 29915.2 | IJ7: 29945.2 | IK7: 29968.2 | IL7: 29986.3 | IM7: 30001.3 | IN7: 30009.5 | IO7: 30018.4 | IP7: 30041.7 | IQ7: 30069 | IR7: 30094.9 | IS7: 30117.4 | IT7: 30125.8 | IU7: 30150.9 | IV7: 30174.8 | IW7: 30199.2 | IX7: 30222.1 | IY7: 30245.2 | IZ7: 30266.4 | JA7: 30277.6 | JB7: 30300.5 | JC7: 30323.2 | JD7: 30347.7 | JE7: 30373.6 | JF7: 30395.9 | JG7: 30418.7 | JH7: 30433 | JI7: 30456.8 | JJ7: 30480.8 | JK7: 30504 | JL7: 30528.2 | JM7: 30553.4 | JN7: 30574.6 | JO7: 30585.3 | JP7: 30609.2 | JQ7: 30634 | JR7: 30658.6 | JS7: 30682 | JT7: 30704.5 | JU7: 30724.9 | JV7: 30735.5 | JW7: 30758.5 | JX7: 30781.4 | JY7: 30807.4 | JZ7: 30830.7 | KA7: 30862.5 | KB7: 30887.2 | KC7: 30898.6 | KD7: 30932.7 | KE7: 30957.4 | KF7: 30982.9 | KG7: 31008.4 | KH7: 31041.2 | KI7: 31063.5 | KJ7: 31082 | KK7: 31115.5 | KL7: 31150.8 | KM7: 31172.2 | KN7: 31190.3 | KO7: 31210.6 | KP7: 31233.2 | KQ7: 31242.8 | KR7: 31266 | KS7: 31299.4 | KT7: 31326.3 | KU7: 31350.5 | KV7: 31374.8 | KW7: 31409.4 | KX7: 31435.5 | KY7: 31466 | KZ7: 31492.6 | LA7: 31519.6 | LB7: 31546.8 | LC7: 31578 | LD7: 31597.5 | LE7: 31604.3 | LF7: 31643.6 | LG7: 31666.1 | LH7: 31689.4 | LI7: 31713 | LJ7: 31736.2 | LK7: 31755.9 | LL7: 31766.7 | LM7: 31789.3 | LN7: 31809.7 | LO7: 31819.9 | LP7: 31832.6 | LQ7: 31853.7 | LR7: 31864.4 | LS7: 31875.4 | LT7: 31900.7 | LU7: 31926.7 | LV7: 31952.8 | LW7: 31977.6 | LX7: 32003.5 | LY7: 32023.2 | LZ7: 32035.1 | MA7: 32058.5 | MB7: 32084.6 | MC7: 32109.1 | MD7: 32131.8 | ME7: 32154.2 | MF7: 32173.8 | MG7: 32184.9 | MH7: 32210.9 | MI7: 32238.2 | MJ7: 32263.6 | MK7: 32289.3 | ML7: 32309.9 | MM7: 32324.5 | MN7: 32334 | MO7: 32369.7 | MP7: 32403.6 | MQ7: 32419.7 | MR7: 32443.8 | MS7: 32472.7 | MT7: 32489.6 | MU7: 32498.5 | MV7: 32524.1 | MW7: 32554.8 | MX7: 32579.5 | MY7: 32601.1 | MZ7: 32622.9 | NA7: 32641.9 | NB7: 32654.2 | NC7: 32684.4 | ND7: 32711.1 | NE7: 32723.8 | NF7: 32735.9 | NG7: 32773.2 | NH7: 32792.7 | NI7: 32804 | NJ7: 32833.4 | NK7: 32860.1 | NL7: 32888.4 | NM7: 32920.5 | NN7: 32944.8 | NO7: 32953.8 | NP7: 32966.7 | NQ7: 33006.8 | NR7: 33030 | NS7: 33050.8 | NT7: 33066.6 | NU7: 33094.4 | NV7: 33119.9 | NW7: 33133.5 | NX7: 33155.9 | NY7: 33175 | NZ7: 33196.4 | OA7: 33219.4 | OB7: 33234.3 | OC7: 33243.2 | OD7: 33252.5 | OE7: 33275.6 | OF7: 33290.9 | OG7: 33308.3 | OH7: 33331.3 | OI7: 33348.1 | OJ7: 33362.1 | OK7: 33373.5 | OL7: 33393.8 | OM7: 33414.4 | ON7: 33453.2 | OO7: 33473.8 | OP7: 33490.2 | OQ7: 33499.1 | OR7: 33512.1 | OS7: 33538.2 | OT7: 33559 | OU7: 33582.8 | OV7: 33605.1 | OW7: 33628 | OX7: 33639 | OY7: 33639 | OZ7: 33639 | PA7: 33639 | PB7: 33639 | PC7: 33639 | PD7: 33639 | PE7: 33639 | PF7: 33640.4 | PG7: 33688.8 | PH7: 33713 | PI7: 33734.4 | PJ7: 33756.6 | PK7: 33782.7 | PL7: 33812.8 | PM7: 33833.7 | PN7: 33862.2 | PO7: 33889.4 | PP7: 33919.2 | PQ7: 33951.4 | PR7: 33968.3 | PS7: 33978.5 | PT7: 33991.5 | PU7: 34019.7 | PV7: 34050 | PW7: 34087.9 | PX7: 34120.6 | PY7: 34146.2 | PZ7: 34166.1 | QA7: 34179.4 | QB7: 34215.3 | QC7: 34242.1 | QD7: 34266.8 | QE7: 34293 | QF7: 34335.2 | QG7: 34367 | QH7: 34380.2 | QI7: 34407.4 | QJ7: 34451 | QK7: 34476.2 | QL7: 34501.9 | QM7: 34543 | QN7: 34561.8 | QO7: 34573.2 | QP7: 34598.6 | QQ7: 34638.9 | QR7: 34664.5 | QS7: 34688.3 | QT7: 34713.8 | QU7: 34724.2 | QV7: 34738.2 | QW7: 34777.9 | QX7: 34820 | QY7: 34850.3 | QZ7: 34875.1 | RA7: 34905.2 | RB7: 34930.5 | RC7: 34953.3 | RD7: 34998.9 | RE7: 35036.2 | RF7: 35067.6 | RG7: 35103.3 | RH7: 35128.8 | RI7: 35138.1 | RJ7: 35150.8 | RK7: 35176 | RL7: 35206.5 | RM7: 35231.1 | RN7: 35271.7 | RO7: 35312.6 | RP7: 35336.6 | RQ7: 35350.3 | RR7: 35365.4 | RS7: 35402.2 | RT7: 35428 | RU7: 35440.7 | RV7: 35455.4 | RW7: 35469.1 | RX7: 35483.2 | RY7: 35513.3 | RZ7: 35535.4 | SA7: 35556.7 | SB7: 35579 | SC7: 35601.1 | SD7: 35626 | SE7: 35647.2 | SF7: 35694.9 | SG7: 35728.3 | SH7: 35759.2 | SI7: 35789.4 | SJ7: 35841.2 | SK7: 35866.6 | SL7: 35876.4 | SM7: 35901.6 | SN7: 35917.7 | SO7: 35967.3 | SP7: 36014.4 | SQ7: 36045.2 | SR7: 36068.3 | SS7: 36079.2 | ST7: 36127.4 | SU7: 36153.8 | SV7: 36193 | SW7: 36233.3 | SX7: 36271.8 | SY7: 36285.1 | SZ7: 36295.3 | TA7: 36337.9 | TB7: 36377.7 | TC7: 36409.9 | TD7: 36435.7 | TE7: 36476.3 | TF7: 36500.8 | TG7: 36510.5 | TH7: 36562.2 | TI7: 36593.4 | TJ7: 36626.8 | TK7: 36669.9 | TL7: 36702.6 | TM7: 36743.4 | TN7: 36765.4 | TO7: 36797.1
A8: F1-2F照明插座 | C8: F1L21 | D8: 23042.8 | E8: 23052.9 | F8: 23062.4 | G8: 23068.4 | H8: 23078.1 | I8: 23084.4 | J8: 23087.7 | K8: 23097 | L8: 23104.7 | M8: 23113.9 | N8: 23124 | O8: 23130.3 | P8: 23130.5 | Q8: 23136.8 | R8: 23144.7 | S8: 23151.5 | T8: 23154.7 | U8: 23157.7 | V8: 23164.8 | W8: 23172 | X8: 23175.1 | Y8: 23181.4 | Z8: 23191.1 | AA8: 23203 | AB8: 23213.9 | AC8: 23224.3 | AD8: 23231.7 | AE8: 23239.2 | AF8: 23245.7 | AG8: 23252.1 | AH8: 23258.5 | AI8: 23264.7 | AJ8: 23271.1 | AK8: 23277.6 | AL8: 23284.2 | AM8: 23286.6 | AN8: 23289.9 | AO8: 23295.3 | AP8: 23301 | AQ8: 23311.6 | AR8: 23322.6 | AS8: 23328.6 | AT8: 23339.4 | AU8: 23344.2 | AV8: 23351.9 | AW8: 23356.9 | AX8: 23360.3 | AY8: 23362.8 | AZ8: 23367.7 | BA8: 23378.7 | BB8: 23389.4 | BC8: 23399.5 | BD8: 23411.4 | BE8: 23424.4 | BF8: 23437.6 | BG8: 23444.4 | BH8: 23456.7 | BI8: 23469.8 | BJ8: 23484.1 | BK8: 23496.5 | BL8: 23511.7 | BM8: 23525.1 | BN8: 23536 | BO8: 23550.8 | BP8: 23558.4 | BQ8: 23565 | BR8: 23570.2 | BS8: 23579.2 | BT8: 23587 | BU8: 23595.7 | BV8: 23607 | BW8: 23618.5 | BX8: 23623.4 | BY8: 23634.6 | BZ8: 23649.4 | CA8: 23659.8 | CB8: 23665.6 | CC8: 23677.3 | CD8: 23689.3 | CE8: 23700.7 | CF8: 23712.6 | CG8: 23724.5 | CH8: 23729.1 | CI8: 23736.4 | CJ8: 23744.5 | CK8: 23757.6 | CL8: 23769.5 | CM8: 23773.4 | CN8: 23782.1 | CO8: 23789.1 | CP8: 23798 | CQ8: 23802.6 | CR8: 23815.9 | CS8: 23821.5 | CT8: 23830.7 | CU8: 23838.3 | CV8: 23844.3 | CW8: 23849.7 | CX8: 23853.8 | CY8: 23867.5 | CZ8: 23881.7 | DA8: 23890.1 | DB8: 23899.8 | DC8: 23907.2 | DD8: 23914.8 | DE8: 23925.4 | DF8: 23933.7 | DG8: 23944.6 | DH8: 23957.9 | DI8: 23971.4 | DJ8: 23980.7 | DK8: 23989.8 | DL8: 24000.9 | DM8: 24010.1 | DN8: 24017.9 | DO8: 24031.2 | DP8: 24042.7 | DQ8: 24050.7 | DR8: 24062 | DS8: 24075.5 | DT8: 24092.5 | DU8: 24106.8 | DV8: 24122.2 | DW8: 24137.4 | DX8: 24150.7 | DY8: 24164.9 | DZ8: 24180.5 | EA8: 24193.8 | EB8: 24196.4 | EC8: 24209 | ED8: 24217.2 | EE8: 24220 | EF8: 24233.9 | EG8: 24250.2 | EH8: 24265.6 | EI8: 24279.8 | EJ8: 24295 | EK8: 24304.5 | EL8: 24311.6 | EM8: 24323 | EN8: 24332.6 | EO8: 24344.2 | EP8: 24351.9 | EQ8: 24367.2 | ER8: 24384.7 | ES8: 24393.1 | ET8: 24396.7 | EU8: 24401 | EV8: 24404 | EW8: 24408.2 | EX8: 24416.8 | EY8: 24428.4 | EZ8: 24438 | FA8: 24443.1 | FB8: 24447.8 | FC8: 24458.5 | FD8: 24462.9 | FE8: 24478.6 | FF8: 24485.5 | FG8: 24495.6 | FH8: 24508.9 | FI8: 24513.8 | FJ8: 24520.9 | FK8: 24531.2 | FL8: 24538.7 | FM8: 24554.8 | FN8: 24568 | FO8: 24573.6 | FP8: 24578.4 | FQ8: 24581.3 | FR8: 24592.1 | FS8: 24600.8 | FT8: 24605.6 | FU8: 24614.2 | FV8: 24621.2 | FW8: 24628.7 | FX8: 24638.1 | FY8: 24647.8 | FZ8: 24657.5 | GA8: 24668 | GB8: 24678.2 | GC8: 24682.3 | GD8: 24686.5 | GE8: 24691 | GF8: 24692.8 | GG8: 24697.5 | GH8: 24710.9 | GI8: 24718.2 | GJ8: 24728.2 | GK8: 24732 | GL8: 24736.5 | GM8: 24739.2 | GN8: 24743.4 | GO8: 24757.3 | GP8: 24769 | GQ8: 24772.6 | GR8: 24779.8 | GS8: 24787.1 | GT8: 24794.7 | GU8: 24796.5 | GV8: 24803.5 | GW8: 24809.1 | GX8: 24814.7 | GY8: 24820.9 | GZ8: 24823.2 | HA8: 24825.8 | HB8: 24831 | HC8: 24842 | HD8: 24850.7 | HE8: 24856.6 | HF8: 24861.2 | HG8: 24865.9 | HH8: 24870 | HI8: 24875.3 | HJ8: 24882.4 | HK8: 24888.9 | HL8: 24896.2 | HM8: 24901.1 | HN8: 24904.2 | HO8: 24908.2 | HP8: 24912.4 | HQ8: 24917.1 | HR8: 24921.2 | HS8: 24926.2 | HT8: 24932.1 | HU8: 24935.2 | HV8: 24936.6 | HW8: 24940 | HX8: 24944.7 | HY8: 24949.9 | HZ8: 24951.1 | IA8: 24954.7 | IB8: 24956.4 | IC8: 24958.5 | ID8: 24960.9 | IE8: 24965.5 | IF8: 24969.1 | IG8: 24972.9 | IH8: 24974.7 | II8: 24976.9 | IJ8: 24980.7 | IK8: 24982.2 | IL8: 24985.5 | IM8: 24988.7 | IN8: 24993.5 | IO8: 24996.5 | IP8: 24997.8 | IQ8: 24999.6 | IR8: 25003.4 | IS8: 25011.4 | IT8: 25016.4 | IU8: 25021.1 | IV8: 25027.7 | IW8: 25032.8 | IX8: 25039.4 | IY8: 25041.9 | IZ8: 25045.6 | JA8: 25047.4 | JB8: 25049.2 | JC8: 25052.8 | JD8: 25057.1 | JE8: 25058.5 | JF8: 25061.4 | JG8: 25066.7 | JH8: 25068.9 | JI8: 25070.7 | JJ8: 25071.5 | JK8: 25075.8 | JL8: 25076.4 | JM8: 25077.4 | JN8: 25079.1 | JO8: 25079.2 | JP8: 25080.8 | JQ8: 25085.3 | JR8: 25087 | JS8: 25091.2 | JT8: 25092.8 | JU8: 25095.2 | JV8: 25097.1 | JW8: 25097.6 | JX8: 25100.4 | JY8: 25108.1 | JZ8: 25110.1 | KA8: 25114.8 | KB8: 25117.1 | KC8: 25117.3 | KD8: 25122.7 | KE8: 25128 | KF8: 25128.8 | KG8: 25129.9 | KH8: 25130.8 | KI8: 25142.9 | KJ8: 25150.8 | KK8: 25151.1 | KL8: 25151.9 | KM8: 25152.8 | KN8: 25153.4 | KO8: 25154.1 | KP8: 25156 | KQ8: 25156.9 | KR8: 25158.4 | KS8: 25159 | KT8: 25159.6 | KU8: 25160.4 | KV8: 25161.5 | KW8: 25163.2 | KX8: 25163.4 | KY8: 25164.8 | KZ8: 25165.6 | LA8: 25166.3 | LB8: 25166.8 | LC8: 25168.4 | LD8: 25171.6 | LE8: 25172.1 | LF8: 25173.1 | LG8: 25173.3 | LH8: 25173.9 | LI8: 25175.2 | LJ8: 25178.9 | LK8: 25181 | LL8: 25181.3 | LM8: 25182.4 | LN8: 25182.8 | LO8: 25183.2 | LP8: 25183.7 | LQ8: 25184 | LR8: 25184.9 | LS8: 25185.6 | LT8: 25186.1 | LU8: 25186.6 | LV8: 25188.4 | LW8: 25189.3 | LX8: 25191.1 | LY8: 25191.7 | LZ8: 25192.1 | MA8: 25192.7 | MB8: 25193.8 | MC8: 25194.8 | MD8: 25196.6 | ME8: 25197.7 | MF8: 25200.6 | MG8: 25202.4 | MH8: 25203.3 | MI8: 25204.7 | MJ8: 25206.2 | MK8: 25207.1 | ML8: 25210 | MM8: 25211.2 | MN8: 25211.3 | MO8: 25211.7 | MP8: 25212.8 | MQ8: 25213.2 | MR8: 25216 | MS8: 25217.5 | MT8: 25218.5 | MU8: 25218.6 | MV8: 25219 | MW8: 25219.5 | MX8: 25220.9 | MY8: 25224.2 | MZ8: 25227.9 | NA8: 25230.2 | NB8: 25231.8 | NC8: 25236.1 | ND8: 25238.4 | NE8: 25239.4 | NF8: 25240.5 | NG8: 25240.7 | NH8: 25241.1 | NI8: 25241.2 | NJ8: 25241.7 | NK8: 25242.1 | NL8: 25243.2 | NM8: 25244 | NN8: 25244.7 | NO8: 25244.7 | NP8: 25244.9 | NQ8: 25245.2 | NR8: 25246.2 | NS8: 25247.4 | NT8: 25247.5 | NU8: 25249.9 | NV8: 25251.8 | NW8: 25252.7 | NX8: 25253.1 | NY8: 25254 | NZ8: 25256 | OA8: 25258.2 | OB8: 25263.1 | OC8: 25268.5 | OD8: 25272.3 | OE8: 25274.6 | OF8: 25276.1 | OG8: 25280.7 | OH8: 25281.4 | OI8: 25285.4 | OJ8: 25288.1 | OK8: 25290.6 | OL8: 25292 | OM8: 25293.7 | ON8: 25296.8 | OO8: 25302.7 | OP8: 25305.8 | OQ8: 25310.5 | OR8: 25312.2 | OS8: 25314.6 | OT8: 25316.3 | OU8: 25317.3 | OV8: 25320.7 | OW8: 25323.8 | OX8: 25327.7 | OY8: 25335.1 | OZ8: 25341.9 | PA8: 25345.7 | PB8: 25349.4 | PC8: 25352.9 | PD8: 25356.2 | PE8: 25360.3 | PF8: 25364.8 | PG8: 25370.7 | PH8: 25374.4 | PI8: 25380.4 | PJ8: 25384.9 | PK8: 25387.4 | PL8: 25390.9 | PM8: 25393.8 | PN8: 25399.3 | PO8: 25405 | PP8: 25411.9 | PQ8: 25417.7 | PR8: 25422.1 | PS8: 25428.3 | PT8: 25430.3 | PU8: 25436.5 | PV8: 25440.9 | PW8: 25443.4 | PX8: 25447.2 | PY8: 25453.8 | PZ8: 25466.4 | QA8: 25475 | QB8: 25483.2 | QC8: 25494.1 | QD8: 25502 | QE8: 25509.7 | QF8: 25523.5 | QG8: 25537.7 | QH8: 25544.2 | QI8: 25552.6 | QJ8: 25559.9 | QK8: 25566.7 | QL8: 25571.2 | QM8: 25576.2 | QN8: 25579.2 | QO8: 25580.7 | QP8: 25586.7 | QQ8: 25592.1 | QR8: 25597.8 | QS8: 25604.3 | QT8: 25612.4 | QU8: 25617.4 | QV8: 25621.4 | QW8: 25628.6 | QX8: 25635.6 | QY8: 25643.9 | QZ8: 25655.1 | RA8: 25667 | RB8: 25676.4 | RC8: 25681.5 | RD8: 25687.8 | RE8: 25695.3 | RF8: 25704.3 | RG8: 25710.1 | RH8: 25717.3 | RI8: 25721.5 | RJ8: 25727.1 | RK8: 25730.7 | RL8: 25733.5 | RM8: 25737.1 | RN8: 25741.5 | RO8: 25743.8 | RP8: 25747.4 | RQ8: 25747.7 | RR8: 25748.2 | RS8: 25751.5 | RT8: 25755 | RU8: 25756 | RV8: 25757 | RW8: 25758.1 | RX8: 25759.5 | RY8: 25762.5 | RZ8: 25767.7 | SA8: 25774.4 | SB8: 25781.1 | SC8: 25786.3 | SD8: 25789.9 | SE8: 25791.3 | SF8: 25796.4 | SG8: 25800.3 | SH8: 25802.7 | SI8: 25807.1 | SJ8: 25809.6 | SK8: 25813.2 | SL8: 25814.5 | SM8: 25817.9 | SN8: 25822.4 | SO8: 25827.4 | SP8: 25830.6 | SQ8: 25833.6 | SR8: 25837.8 | SS8: 25839.4 | ST8: 25843.5 | SU8: 25846.6 | SV8: 25851.9 | SW8: 25855 | SX8: 25857.4 | SY8: 25857.4 | SZ8: 25857.6 | TA8: 25860.1 | TB8: 25862.4 | TC8: 25864.8 | TD8: 25866.1 | TE8: 25868.2 | TF8: 25870.7 | TG8: 25871 | TH8: 25873.6 | TI8: 25879.6 | TJ8: 25882.6 | TK8: 25886.8 | TL8: 25889.4 | TM8: 25889.8 | TN8: 25890.3 | TO8: 25892.9
C9: F1EL21 | D9: 2989.5 | E9: 2989.5 | F9: 2989.5 | G9: 2989.5 | H9: 2989.5 | I9: 2989.5 | J9: 2989.5 | K9: 2989.5 | L9: 2989.5 | M9: 2989.5 | N9: 2989.5 | O9: 2989.5 | P9: 2989.5 | Q9: 2989.5 | R9: 2989.5 | S9: 2989.5 | T9: 2989.5 | U9: 2989.5 | V9: 2989.5 | W9: 2989.5 | X9: 2989.5 | Y9: 2989.5 | Z9: 2989.5 | AA9: 2989.5 | AB9: 2989.5 | AC9: 2989.5 | AD9: 2989.5 | AE9: 2989.5 | AF9: 2989.5 | AG9: 2989.5 | AH9: 2989.5 | AI9: 2989.5 | AJ9: 2989.5 | AK9: 2989.5 | AL9: 2989.5 | AM9: 2989.5 | AN9: 2989.5 | AO9: 2989.5 | AP9: 2989.5 | AQ9: 2989.5 | AR9: 2989.5 | AS9: 2989.5 | AT9: 2989.5 | AU9: 2989.5 | AV9: 2989.5 | AW9: 2989.5 | AX9: 2989.5 | AY9: 2989.5 | AZ9: 2989.5 | BA9: 2989.5 | BB9: 2989.5 | BC9: 2989.5 | BD9: 2989.5 | BE9: 2989.5 | BF9: 2989.5 | BG9: 2989.5 | BH9: 2989.5 | BI9: 2989.5 | BJ9: 2989.5 | BK9: 2989.5 | BL9: 2989.5 | BM9: 2989.5 | BN9: 2989.5 | BO9: 2989.5 | BP9: 2989.5 | BQ9: 2989.5 | BR9: 2989.5 | BS9: 2989.5 | BT9: 2989.5 | BU9: 2989.5 | BV9: 2989.5 | BW9: 2989.5 | BX9: 2989.5 | BY9: 2989.5 | BZ9: 2989.5 | CA9: 2989.5 | CB9: 2989.5 | CC9: 2989.5 | CD9: 2989.5 | CE9: 2989.5 | CF9: 2989.5 | CG9: 2989.5 | CH9: 2989.5 | CI9: 2989.5 | CJ9: 2989.5 | CK9: 2989.5 | CL9: 2989.5 | CM9: 2989.5 | CN9: 2989.5 | CO9: 2989.5 | CP9: 2989.5 | CQ9: 2989.5 | CR9: 2989.5 | CS9: 2989.5 | CT9: 2989.5 | CU9: 2989.5 | CV9: 2989.5 | CW9: 2989.5 | CX9: 2989.5 | CY9: 2989.5 | CZ9: 2989.5 | DA9: 2989.5 | DB9: 2989.5 | DC9: 2989.5 | DD9: 2989.5 | DE9: 2989.5 | DF9: 2989.5 | DG9: 2989.5 | DH9: 2989.5 | DI9: 2989.5 | DJ9: 2989.5 | DK9: 2989.5 | DL9: 2989.5 | DM9: 2989.5 | DN9: 2989.5 | DO9: 2989.5 | DP9: 2989.5 | DQ9: 2989.5 | DR9: 2989.5 | DS9: 2989.5 | DT9: 2989.5 | DU9: 2989.5 | DV9: 2989.5 | DW9: 2989.5 | DX9: 2989.5 | DY9: 2989.5 | DZ9: 2989.5 | EA9: 2989.5 | EB9: 2989.5 | EC9: 2989.5 | ED9: 2989.5 | EE9: 2989.5 | EF9: 2989.5 | EG9: 2989.5 | EH9: 2989.5 | EI9: 2989.5 | EJ9: 2989.5 | EK9: 2989.5 | EL9: 2989.5 | EM9: 2989.5 | EN9: 2989.5 | EO9: 2989.5 | EP9: 2989.5 | EQ9: 2989.5 | ER9: 2989.5 | ES9: 2989.5 | ET9: 2989.5 | EU9: 2989.5 | EV9: 2989.5 | EW9: 2989.5 | EX9: 2989.5 | EY9: 2989.5 | EZ9: 2989.5 | FA9: 2989.5 | FB9: 2989.5 | FC9: 2989.5 | FD9: 2989.5 | FE9: 2989.5 | FF9: 2989.5 | FG9: 2989.5 | FH9: 2989.5 | FI9: 2989.5 | FJ9: 2989.5 | FK9: 2989.5 | FL9: 2989.5 | FM9: 2989.5 | FN9: 2989.5 | FO9: 2989.5 | FP9: 2989.5 | FQ9: 2989.5 | FR9: 2989.5 | FS9: 2989.5 | FT9: 2989.5 | FU9: 2989.5 | FV9: 2989.5 | FW9: 2989.5 | FX9: 2989.5 | FY9: 2989.5 | FZ9: 2989.5 | GA9: 2989.5 | GB9: 2989.5 | GC9: 2989.5 | GD9: 2989.5 | GE9: 2989.5 | GF9: 2989.5 | GG9: 2989.5 | GH9: 2989.5 | GI9: 2989.5 | GJ9: 2989.5 | GK9: 2989.5 | GL9: 2989.5 | GM9: 2989.5 | GN9: 2989.5 | GO9: 2989.5 | GP9: 2989.5 | GQ9: 2989.5 | GR9: 2989.5 | GS9: 2989.5 | GT9: 2989.5 | GU9: 2989.5 | GV9: 2989.5 | GW9: 2989.5 | GX9: 2989.5 | GY9: 2989.5 | GZ9: 2989.5 | HA9: 2989.5 | HB9: 2989.5 | HC9: 2989.5 | HD9: 2989.5 | HE9: 2989.5 | HF9: 2989.5 | HG9: 2989.5 | HH9: 2989.5 | HI9: 2989.5 | HJ9: 2989.5 | HK9: 2989.5 | HL9: 2989.5 | HM9: 2989.5 | HN9: 2989.5 | HO9: 2989.5 | HP9: 2989.5 | HQ9: 2989.5 | HR9: 2989.5 | HS9: 2989.5 | HT9: 2989.5 | HU9: 2989.5 | HV9: 2989.5 | HW9: 2989.5 | HX9: 2989.5 | HY9: 2989.5 | HZ9: 2989.5 | IA9: 2989.5 | IB9: 2989.5 | IC9: 2989.5 | ID9: 2989.5 | IE9: 2989.5 | IF9: 2989.5 | IG9: 2989.5 | IH9: 2989.5 | II9: 2989.5 | IJ9: 2989.5 | IK9: 2989.5 | IL9: 2989.5 | IM9: 2989.5 | IN9: 2989.5 | IO9: 2989.5 | IP9: 2989.5 | IQ9: 2989.5 | IR9: 2989.5 | IS9: 2989.5 | IT9: 2989.5 | IU9: 2989.5 | IV9: 2989.5 | IW9: 2989.5 | IX9: 2989.5 | IY9: 2989.5 | IZ9: 2989.5 | JA9: 2989.5 | JB9: 2989.5 | JC9: 2989.5 | JD9: 2989.5 | JE9: 2989.5 | JF9: 2989.5 | JG9: 2989.5 | JH9: 2989.5 | JI9: 2989.5 | JJ9: 2989.5 | JK9: 2989.5 | JL9: 2989.5 | JM9: 2989.5 | JN9: 2989.5 | JO9: 2989.5 | JP9: 2989.5 | JQ9: 2989.5 | JR9: 2989.5 | JS9: 2989.5 | JT9: 2989.5 | JU9: 2989.5 | JV9: 2989.5 | JW9: 2989.5 | JX9: 2989.5 | JY9: 2989.5 | JZ9: 2989.5 | KA9: 2989.5 | KB9: 2989.5 | KC9: 2989.5 | KD9: 2989.5 | KE9: 2989.5 | KF9: 2989.5 | KG9: 2989.5 | KH9: 2989.5 | KI9: 2989.5 | KJ9: 2989.5 | KK9: 2989.5 | KL9: 2989.5 | KM9: 2989.5 | KN9: 2989.5 | KO9: 2989.5 | KP9: 2989.5 | KQ9: 2989.5 | KR9: 2989.5 | KS9: 2989.5 | KT9: 2989.5 | KU9: 2989.5 | KV9: 2989.5 | KW9: 2989.5 | KX9: 2989.5 | KY9: 2989.5 | KZ9: 2989.5 | LA9: 2989.5 | LB9: 2989.5 | LC9: 2989.5 | LD9: 2989.5 | LE9: 2989.5 | LF9: 2989.5 | LG9: 2989.5 | LH9: 2989.5 | LI9: 2989.5 | LJ9: 2989.5 | LK9: 2989.5 | LL9: 2989.5 | LM9: 2989.5 | LN9: 2989.5 | LO9: 2989.5 | LP9: 2989.5 | LQ9: 2989.5 | LR9: 2989.5 | LS9: 2989.5 | LT9: 2989.5 | LU9: 2989.5 | LV9: 2989.5 | LW9: 2989.5 | LX9: 2989.5 | LY9: 2989.5 | LZ9: 2989.5 | MA9: 2989.5 | MB9: 2989.5 | MC9: 2989.5 | MD9: 2989.5 | ME9: 2989.5 | MF9: 2989.5 | MG9: 2989.5 | MH9: 2989.5 | MI9: 2989.5 | MJ9: 2989.5 | MK9: 2989.5 | ML9: 2989.5 | MM9: 2989.5 | MN9: 2989.5 | MO9: 2989.5 | MP9: 2989.5 | MQ9: 2989.5 | MR9: 2989.5 | MS9: 2989.5 | MT9: 2989.5 | MU9: 2989.5 | MV9: 2989.5 | MW9: 2989.5 | MX9: 2989.5 | MY9: 2989.5 | MZ9: 2989.5 | NA9: 2989.5 | NB9: 2989.5 | NC9: 2989.5 | ND9: 2989.5 | NE9: 2989.5 | NF9: 2989.5 | NG9: 2989.5 | NH9: 2989.5 | NI9: 2989.5 | NJ9: 2989.5 | NK9: 2989.5 | NL9: 2989.5 | NM9: 2989.5 | NN9: 2989.5 | NO9: 2989.5 | NP9: 2989.5 | NQ9: 2989.5 | NR9: 2989.5 | NS9: 2989.5 | NT9: 2989.5 | NU9: 2989.5 | NV9: 2989.5 | NW9: 2989.5 | NX9: 2989.5 | NY9: 2989.5 | NZ9: 2989.5 | OA9: 2989.5 | OB9: 2989.5 | OC9: 2989.5 | OD9: 2989.5 | OE9: 2989.5 | OF9: 2989.5 | OG9: 2989.5 | OH9: 2989.5 | OI9: 2989.5 | OJ9: 2989.5 | OK9: 2989.5 | OL9: 2989.5 | OM9: 2989.5 | ON9: 2989.5 | OO9: 2989.5 | OP9: 2989.5 | OQ9: 2989.5 | OR9: 2989.5 | OS9: 2989.5 | OT9: 2989.5 | OU9: 2989.5 | OV9: 2989.5 | OW9: 2989.5 | OX9: 2989.5 | OY9: 2989.5 | OZ9: 2989.5 | PA9: 2989.5 | PB9: 2989.5 | PC9: 2989.5 | PD9: 2989.5 | PE9: 2989.5 | PF9: 2989.5 | PG9: 2989.5 | PH9: 2989.5 | PI9: 2989.5 | PJ9: 2989.5 | PK9: 2989.5 | PL9: 2989.5 | PM9: 2989.5 | PN9: 2989.5 | PO9: 2989.5 | PP9: 2989.5 | PQ9: 2989.5 | PR9: 2989.5 | PS9: 2989.5 | PT9: 2989.5 | PU9: 2989.5 | PV9: 2989.5 | PW9: 2989.5 | PX9: 2989.5 | PY9: 2989.5 | PZ9: 2989.5 | QA9: 2989.5 | QB9: 2989.5 | QC9: 2989.5 | QD9: 2989.5 | QE9: 2989.5 | QF9: 2989.5 | QG9: 2989.5 | QH9: 2989.5 | QI9: 2989.5 | QJ9: 2989.5 | QK9: 2989.5 | QL9: 2989.5 | QM9: 2989.5 | QN9: 2989.5 | QO9: 2989.5 | QP9: 2989.5 | QQ9: 2989.5 | QR9: 2989.5 | QS9: 2989.5 | QT9: 2989.5 | QU9: 2989.5 | QV9: 2989.5 | QW9: 2989.5 | QX9: 2989.5 | QY9: 2989.5 | QZ9: 2989.5 | RA9: 2989.5 | RB9: 2989.5 | RC9: 2989.5 | RD9: 2989.5 | RE9: 2989.5 | RF9: 2989.5 | RG9: 2989.5 | RH9: 2989.5 | RI9: 2989.5 | RJ9: 2989.5 | RK9: 2989.5 | RL9: 2989.5 | RM9: 2989.5 | RN9: 2989.5 | RO9: 2989.5 | RP9: 2989.5 | RQ9: 2989.5 | RR9: 2989.5 | RS9: 2989.5 | RT9: 2989.5 | RU9: 2989.5 | RV9: 2989.5 | RW9: 2989.5 | RX9: 2989.5 | RY9: 2989.5 | RZ9: 2989.5 | SA9: 2989.5 | SB9: 2989.5 | SC9: 2989.5 | SD9: 2989.5 | SE9: 2989.5 | SF9: 2989.5 | SG9: 2989.5 | SH9: 2989.5 | SI9: 2989.5 | SJ9: 2989.5 | SK9: 2989.5 | SL9: 2989.5 | SM9: 2989.5 | SN9: 2989.5 | SO9: 2989.5 | SP9: 2989.5 | SQ9: 2989.5 | SR9: 2989.5 | SS9: 2989.5 | ST9: 2989.5 | SU9: 2989.5 | SV9: 2989.5 | SW9: 2989.5 | SX9: 2989.5 | SY9: 2989.5 | SZ9: 2989.5 | TA9: 2989.5 | TB9: 2989.5 | TC9: 2989.5 | TD9: 2989.5 | TE9: 2989.5 | TF9: 2989.5 | TG9: 2989.5 | TH9: 2989.5 | TI9: 2989.5 | TJ9: 2989.5 | TK9: 2989.5 | TL9: 2989.5 | TM9: 2989.5 | TN9: 2989.5 | TO9: 2989.5
C10: F1PZ21 | D10: 3939.2 | E10: 3944.7 | F10: 3951.2 | G10: 3957.7 | H10: 3963.2 | I10: 3968.7 | J10: 3974.3 | K10: 3980.3 | L10: 3986.2 | M10: 3991.8 | N10: 3997.5 | O10: 4003.2 | P10: 4006.9 | Q10: 4017.7 | R10: 4027.6 | S10: 4036.9 | T10: 4046.6 | U10: 4052.4 | V10: 4060.3 | W10: 4067 | X10: 4076.6 | Y10: 4082.5 | Z10: 4088.5 | AA10: 4094.7 | AB10: 4101 | AC10: 4106.4 | AD10: 4111.9 | AE10: 4115 | AF10: 4116.7 | AG10: 4118.3 | AH10: 4120 | AI10: 4121.7 | AJ10: 4123.3 | AK10: 4128.4 | AL10: 4134.6 | AM10: 4140.8 | AN10: 4146.9 | AO10: 4153.6 | AP10: 4160.1 | AQ10: 4165.8 | AR10: 4171.9 | AS10: 4179.6 | AT10: 4186.4 | AU10: 4193.8 | AV10: 4200.1 | AW10: 4207 | AX10: 4213.1 | AY10: 4219.8 | AZ10: 4225.9 | BA10: 4232.6 | BB10: 4238.6 | BC10: 4244.5 | BD10: 4250.3 | BE10: 4255.6 | BF10: 4261.2 | BG10: 4267.4 | BH10: 4273.8 | BI10: 4279.9 | BJ10: 4286.2 | BK10: 4292.2 | BL10: 4298 | BM10: 4303.8 | BN10: 4309.9 | BO10: 4315.7 | BP10: 4322.7 | BQ10: 4330.4 | BR10: 4337.2 | BS10: 4343.4 | BT10: 4349 | BU10: 4360.1 | BV10: 4374.2 | BW10: 4386.2 | BX10: 4399 | BY10: 4412.2 | BZ10: 4426.5 | CA10: 4441.5 | CB10: 4453.8 | CC10: 4464.2 | CD10: 4474.7 | CE10: 4484.2 | CF10: 4494.7 | CG10: 4504.4 | CH10: 4514.1 | CI10: 4523.7 | CJ10: 4533.2 | CK10: 4543.2 | CL10: 4553.1 | CM10: 4563.9 | CN10: 4573.6 | CO10: 4583 | CP10: 4593 | CQ10: 4603.6 | CR10: 4613.6 | CS10: 4623.3 | CT10: 4633.7 | CU10: 4642.9 | CV10: 4651.9 | CW10: 4661.4 | CX10: 4671.8 | CY10: 4681.3 | CZ10: 4690.8 | DA10: 4700.1 | DB10: 4709.1 | DC10: 4718.2 | DD10: 4727.8 | DE10: 4741.7 | DF10: 4751 | DG10: 4760.3 | DH10: 4769.7 | DI10: 4778.5 | DJ10: 4787.3 | DK10: 4796.6 | DL10: 4806.4 | DM10: 4809.7 | DN10: 4816.3 | DO10: 4828.1 | DP10: 4837.7 | DQ10: 4846.7 | DR10: 4856.5 | DS10: 4865.6 | DT10: 4875.2 | DU10: 4884.1 | DV10: 4892.7 | DW10: 4901.4 | DX10: 4910.2 | DY10: 4919.3 | DZ10: 4928.3 | EA10: 4937.4 | EB10: 4940.3 | EC10: 4952.3 | ED10: 4961.1 | EE10: 4970.4 | EF10: 4979.3 | EG10: 4988.5 | EH10: 4997.7 | EI10: 5007 | EJ10: 5016.5 | EK10: 5025.5 | EL10: 5035.2 | EM10: 5044.3 | EN10: 5053.6 | EO10: 5062.9 | EP10: 5072.4 | EQ10: 5081.3 | ER10: 5090.1 | ES10: 5091.6 | ET10: 5104.3 | EU10: 5113.7 | EV10: 5123.2 | EW10: 5131.9 | EX10: 5141.6 | EY10: 5150.5 | EZ10: 5159.5 | FA10: 5168.9 | FB10: 5177.9 | FC10: 5186.9 | FD10: 5196.1 | FE10: 5204.7 | FF10: 5213.5 | FG10: 5223.1 | FH10: 5232 | FI10: 5241.1 | FJ10: 5250.8 | FK10: 5260.2 | FL10: 5268.8 | FM10: 5277.6 | FN10: 5286.3 | FO10: 5295.5 | FP10: 5305 | FQ10: 5313.8 | FR10: 5323.7 | FS10: 5333.1 | FT10: 5343.4 | FU10: 5352.1 | FV10: 5361.6 | FW10: 5376.5 | FX10: 5385.8 | FY10: 5395 | FZ10: 5404.6 | GA10: 5413.3 | GB10: 5423.7 | GC10: 5438.4 | GD10: 5448 | GE10: 5457.2 | GF10: 5466.7 | GG10: 5475.5 | GH10: 5485.2 | GI10: 5493.6 | GJ10: 5503.1 | GK10: 5516.2 | GL10: 5525.1 | GM10: 5534.7 | GN10: 5543.7 | GO10: 5552.7 | GP10: 5561.2 | GQ10: 5570.2 | GR10: 5579.7 | GS10: 5588.7 | GT10: 5597.2 | GU10: 5610.9 | GV10: 5619.3 | GW10: 5627.8 | GX10: 5636.8 | GY10: 5645.7 | GZ10: 5654.5 | HA10: 5663.7 | HB10: 5672.9 | HC10: 5682.1 | HD10: 5690.7 | HE10: 5700.3 | HF10: 5709.4 | HG10: 5718.5 | HH10: 5727.7 | HI10: 5736.4 | HJ10: 5745.1 | HK10: 5754.2 | HL10: 5764 | HM10: 5773.1 | HN10: 5784 | HO10: 5793 | HP10: 5801.8 | HQ10: 5810.2 | HR10: 5818.9 | HS10: 5828.1 | HT10: 5837.5 | HU10: 5846.6 | HV10: 5855.7 | HW10: 5864.3 | HX10: 5873.2 | HY10: 5882.6 | HZ10: 5892.4 | IA10: 5902 | IB10: 5912.1 | IC10: 5921.5 | ID10: 5930.7 | IE10: 5940.8 | IF10: 5950.3 | IG10: 5959.9 | IH10: 5969.1 | II10: 5978.7 | IJ10: 5987.7 | IK10: 5997 | IL10: 6006.2 | IM10: 6014.9 | IN10: 6023.8 | IO10: 6029.6 | IP10: 6039.3 | IQ10: 6048.7 | IR10: 6057.8 | IS10: 6067.5 | IT10: 6077.4 | IU10: 6087.4 | IV10: 6097.1 | IW10: 6107.6 | IX10: 6117.3 | IY10: 6126.9 | IZ10: 6136 | JA10: 6146.9 | JB10: 6156.5 | JC10: 6166.2 | JD10: 6176.1 | JE10: 6185.5 | JF10: 6195.2 | JG10: 6205.6 | JH10: 6214.6 | JI10: 6224.4 | JJ10: 6234.2 | JK10: 6243.8 | JL10: 6254.3 | JM10: 6263.9 | JN10: 6273.1 | JO10: 6282.3 | JP10: 6292.2 | JQ10: 6301.8 | JR10: 6311.8 | JS10: 6322 | JT10: 6331.5 | JU10: 6340.6 | JV10: 6349.4 | JW10: 6359 | JX10: 6369 | JY10: 6378.8 | JZ10: 6388.2 | KA10: 6399.8 | KB10: 6409 | KC10: 6417.8 | KD10: 6427.9 | KE10: 6437.6 | KF10: 6447.5 | KG10: 6457.2 | KH10: 6467.6 | KI10: 6481 | KJ10: 6490.2 | KK10: 6499.8 | KL10: 6509.8 | KM10: 6520 | KN10: 6530.4 | KO10: 6540.2 | KP10: 6551 | KQ10: 6560 | KR10: 6570.6 | KS10: 6581.7 | KT10: 6591.6 | KU10: 6601.9 | KV10: 6611.5 | KW10: 6620.8 | KX10: 6629.5 | KY10: 6639.3 | KZ10: 6649.3 | LA10: 6659.8 | LB10: 6670.3 | LC10: 6680.4 | LD10: 6692.2 | LE10: 6695.5 | LF10: 6707.3 | LG10: 6717.7 | LH10: 6728.2 | LI10: 6739 | LJ10: 6748.8 | LK10: 6758.2 | LL10: 6767.8 | LM10: 6777.9 | LN10: 6788.7 | LO10: 6798.8 | LP10: 6809.1 | LQ10: 6820.2 | LR10: 6830.9 | LS10: 6840.4 | LT10: 6852.4 | LU10: 6862.8 | LV10: 6873 | LW10: 6883.8 | LX10: 6894.4 | LY10: 6904.5 | LZ10: 6914.1 | MA10: 6924.2 | MB10: 6935 | MC10: 6945.3 | MD10: 6955.5 | ME10: 6965.5 | MF10: 6974.6 | MG10: 6983.4 | MH10: 6995.6 | MI10: 7007.9 | MJ10: 7021 | MK10: 7034.7 | ML10: 7048.1 | MM10: 7063.4 | MN10: 7072.3 | MO10: 7081.2 | MP10: 7098.6 | MQ10: 7112.9 | MR10: 7127.5 | MS10: 7140.8 | MT10: 7155.5 | MU10: 7164.7 | MV10: 7178.8 | MW10: 7193.2 | MX10: 7207.4 | MY10: 7221.3 | MZ10: 7236.2 | NA10: 7250.6 | NB10: 7259.5 | NC10: 7274.3 | ND10: 7289 | NE10: 7298.4 | NF10: 7308 | NG10: 7321.7 | NH10: 7337.2 | NI10: 7346.5 | NJ10: 7361.5 | NK10: 7376.9 | NL10: 7390.1 | NM10: 7404.5 | NN10: 7420.6 | NO10: 7430 | NP10: 7439.6 | NQ10: 7455.2 | NR10: 7470.6 | NS10: 7487.6 | NT10: 7503.1 | NU10: 7519.4 | NV10: 7535.7 | NW10: 7545.4 | NX10: 7562.2 | NY10: 7580.3 | NZ10: 7597.7 | OA10: 7614.1 | OB10: 7632.2 | OC10: 7641.4 | OD10: 7650.8 | OE10: 7668.1 | OF10: 7683.2 | OG10: 7699.7 | OH10: 7715.2 | OI10: 7731.7 | OJ10: 7746.8 | OK10: 7756.8 | OL10: 7773 | OM10: 7789.2 | ON10: 7805.6 | OO10: 7820.6 | OP10: 7836.7 | OQ10: 7845.4 | OR10: 7854.3 | OS10: 7871.1 | OT10: 7887.1 | OU10: 7903.6 | OV10: 7919.6 | OW10: 7935 | OX10: 7944.3 | OY10: 7953.1 | OZ10: 7961.9 | PA10: 7970.3 | PB10: 7978.6 | PC10: 7987 | PD10: 7995.3 | PE10: 8003.7 | PF10: 8012.5 | PG10: 8027 | PH10: 8041.6 | PI10: 8055.6 | PJ10: 8072.1 | PK10: 8088 | PL10: 8103.2 | PM10: 8112.3 | PN10: 8127.7 | PO10: 8143.1 | PP10: 8158.7 | PQ10: 8171.8 | PR10: 8184.4 | PS10: 8195.1 | PT10: 8204.8 | PU10: 8220.7 | PV10: 8232.8 | PW10: 8243.7 | PX10: 8253.6 | PY10: 8268.2 | PZ10: 8283.2 | QA10: 8291.9 | QB10: 8306.8 | QC10: 8320.5 | QD10: 8333.6 | QE10: 8348.4 | QF10: 8363.5 | QG10: 8373.7 | QH10: 8382.6 | QI10: 8398.4 | QJ10: 8409.5 | QK10: 8424.8 | QL10: 8443 | QM10: 8454.3 | QN10: 8465.5 | QO10: 8474.7 | QP10: 8488.5 | QQ10: 8503 | QR10: 8514.3 | QS10: 8527.1 | QT10: 8540.1 | QU10: 8549 | QV10: 8557.8 | QW10: 8573.2 | QX10: 8587.4 | QY10: 8599.8 | QZ10: 8612.1 | RA10: 8625.6 | RB10: 8640.2 | RC10: 8649.1 | RD10: 8662.1 | RE10: 8674.5 | RF10: 8687.6 | RG10: 8702 | RH10: 8716.5 | RI10: 8725.2 | RJ10: 8734 | RK10: 8749.5 | RL10: 8764 | RM10: 8777.9 | RN10: 8791.9 | RO10: 8810.2 | RP10: 8822.9 | RQ10: 8831.6 | RR10: 8840.6 | RS10: 8857.1 | RT10: 8870.2 | RU10: 8878.9 | RV10: 8887.8 | RW10: 8896.5 | RX10: 8905.6 | RY10: 8924 | RZ10: 8939.9 | SA10: 8957.7 | SB10: 8973.3 | SC10: 8987.9 | SD10: 9003.5 | SE10: 9012.6 | SF10: 9027.5 | SG10: 9042.4 | SH10: 9057.4 | SI10: 9076.9 | SJ10: 9092.2 | SK10: 9101.8 | SL10: 9110.3 | SM10: 9124.2 | SN10: 9140.4 | SO10: 9156.2 | SP10: 9172.2 | SQ10: 9186.4 | SR10: 9199.3 | SS10: 9208 | ST10: 9222.7 | SU10: 9237.6 | SV10: 9251.1 | SW10: 9263.6 | SX10: 9276.7 | SY10: 9285.4 | SZ10: 9293.9 | TA10: 9308.6 | TB10: 9323.4 | TC10: 9338.2 | TD10: 9352.4 | TE10: 9367.1 | TF10: 9382 | TG10: 9390.3 | TH10: 9404.9 | TI10: 9419 | TJ10: 9434.4 | TK10: 9448.8 | TL10: 9461.5 | TM10: 9470.2 | TN10: 9479 | TO10: 9493.7
A11: F1-3F照明插座 | C11: F1L31 | D11: 113081.6 | E11: 113164.5 | F11: 113329 | G11: 113496.5 | H11: 113651.8 | I11: 113692.2 | J11: 113857.4 | K11: 114021 | L11: 114188.1 | M11: 114348.2 | N11: 114515.2 | O11: 114664.3 | P11: 114705.5 | Q11: 114865.6 | R11: 115025.5 | S11: 115184.4 | T11: 115352.9 | U11: 115514.4 | V11: 115659.4 | W11: 115707.9 | X11: 115872.5 | Y11: 116035.1 | Z11: 116196.5 | AA11: 116360.3 | AB11: 116519.3 | AC11: 116640.3 | AD11: 116682.1 | AE11: 116742.5 | AF11: 116759.4 | AG11: 116776.3 | AH11: 116793.2 | AI11: 116810.2 | AJ11: 116827.1 | AK11: 116847.1 | AL11: 116995.6 | AM11: 117153.8 | AN11: 117313.9 | AO11: 117482.2 | AP11: 117653.1 | AQ11: 117820.6 | AR11: 117981.3 | AS11: 118155.8 | AT11: 118335.4 | AU11: 118508.1 | AV11: 118672.4 | AW11: 118841.9 | AX11: 119004 | AY11: 119054.6 | AZ11: 119227.9 | BA11: 119397.3 | BB11: 119569.7 | BC11: 119736.1 | BD11: 119908.7 | BE11: 120082.9 | BF11: 120240.3 | BG11: 120423.9 | BH11: 120601.8 | BI11: 120780.4 | BJ11: 120949.5 | BK11: 121121.4 | BL11: 121297.1 | BM11: 121349.3 | BN11: 121519.6 | BO11: 121695 | BP11: 121864.3 | BQ11: 122045.4 | BR11: 122220.7 | BS11: 122390.2 | BT11: 122446.8 | BU11: 122622.7 | BV11: 122797.4 | BW11: 122973.5 | BX11: 123143 | BY11: 123321.1 | BZ11: 123509.9 | CA11: 123578.6 | CB11: 123754.5 | CC11: 123927 | CD11: 124098.2 | CE11: 124281 | CF11: 124452.1 | CG11: 124621.5 | CH11: 124662.8 | CI11: 124830.8 | CJ11: 124998.4 | CK11: 125154.5 | CL11: 125329 | CM11: 125505.1 | CN11: 125683.4 | CO11: 125730.4 | CP11: 125915.9 | CQ11: 126090.6 | CR11: 126254.8 | CS11: 126430.3 | CT11: 126605.4 | CU11: 126748.2 | CV11: 126790.4 | CW11: 126833.9 | CX11: 127000.6 | CY11: 127178.6 | CZ11: 127343.1 | DA11: 127507.3 | DB11: 127657.1 | DC11: 127711.8 | DD11: 127875.4 | DE11: 128039.2 | DF11: 128220.3 | DG11: 128371 | DH11: 128532.8 | DI11: 128665.8 | DJ11: 128716.1 | DK11: 128872.2 | DL11: 129042.9 | DM11: 129210.9 | DN11: 129380.4 | DO11: 129544.8 | DP11: 129684.9 | DQ11: 129735.4 | DR11: 129909.5 | DS11: 130055.1 | DT11: 130107.8 | DU11: 130160.4 | DV11: 130332.6 | DW11: 130473.8 | DX11: 130529.1 | DY11: 130662.3 | DZ11: 130773.1 | EA11: 130889.5 | EB11: 130964.8 | EC11: 131086 | ED11: 131205.5 | EE11: 131272.4 | EF11: 131398.4 | EG11: 131535.8 | EH11: 131662.4 | EI11: 131786.2 | EJ11: 131912.6 | EK11: 132008.4 | EL11: 132055.8 | EM11: 132177.5 | EN11: 132301.2 | EO11: 132417.1 | EP11: 132532.1 | EQ11: 132646.3 | ER11: 132743 | ES11: 132788.3 | ET11: 132916 | EU11: 133046.8 | EV11: 133175.7 | EW11: 133305.4 | EX11: 133431 | EY11: 133542.7 | EZ11: 133599 | FA11: 133731.4 | FB11: 133862.7 | FC11: 133991.9 | FD11: 134130.3 | FE11: 134258.6 | FF11: 134369.4 | FG11: 134437 | FH11: 134572.9 | FI11: 134697.3 | FJ11: 134820.4 | FK11: 134940.8 | FL11: 135044 | FM11: 135140.5 | FN11: 135177.8 | FO11: 135306.3 | FP11: 135456.7 | FQ11: 135582 | FR11: 135707.5 | FS11: 135836.3 | FT11: 135939.7 | FU11: 135991.1 | FV11: 136113.5 | FW11: 136241 | FX11: 136368.4 | FY11: 136495.5 | FZ11: 136610.4 | GA11: 136723.3 | GB11: 136768.2 | GC11: 136897.6 | GD11: 137027.4 | GE11: 137160.2 | GF11: 137289.3 | GG11: 137416 | GH11: 137521.9 | GI11: 137563.8 | GJ11: 137690.3 | GK11: 137817.2 | GL11: 137942.3 | GM11: 138054.2 | GN11: 138167.6 | GO11: 138260.5 | GP11: 138307.9 | GQ11: 138415.9 | GR11: 138523.6 | GS11: 138638.8 | GT11: 138741.5 | GU11: 138848.9 | GV11: 138938.8 | GW11: 138988.1 | GX11: 139082.5 | GY11: 139128.6 | GZ11: 139252.5 | HA11: 139382.1 | HB11: 139518.9 | HC11: 139628.8 | HD11: 139664.3 | HE11: 139798.2 | HF11: 139939.1 | HG11: 140093.5 | HH11: 140213.2 | HI11: 140347.7 | HJ11: 140465.9 | HK11: 140506.5 | HL11: 140653.7 | HM11: 140801.8 | HN11: 140946.8 | HO11: 141078.8 | HP11: 141193 | HQ11: 141304.3 | HR11: 141342.7 | HS11: 141483.6 | HT11: 141624.3 | HU11: 141767.9 | HV11: 141922.1 | HW11: 142055.5 | HX11: 142187.7 | HY11: 142234.8 | HZ11: 142390.8 | IA11: 142541.9 | IB11: 142694.1 | IC11: 142845 | ID11: 142990.3 | IE11: 143108.4 | IF11: 143146 | IG11: 143291.5 | IH11: 143444.2 | II11: 143605.6 | IJ11: 143762 | IK11: 143933.1 | IL11: 144051.4 | IM11: 144160.8 | IN11: 144256 | IO11: 144296 | IP11: 144452 | IQ11: 144614.7 | IR11: 144765.9 | IS11: 144925.2 | IT11: 144977.5 | IU11: 145133.7 | IV11: 145283.4 | IW11: 145445.1 | IX11: 145598 | IY11: 145756 | IZ11: 145907.6 | JA11: 145956.9 | JB11: 146109.2 | JC11: 146257 | JD11: 146404.6 | JE11: 146556.7 | JF11: 146709 | JG11: 146856 | JH11: 146906 | JI11: 147062.5 | JJ11: 147216.7 | JK11: 147373.9 | JL11: 147526.8 | JM11: 147681.2 | JN11: 147810.1 | JO11: 147856.7 | JP11: 148008.5 | JQ11: 148163.2 | JR11: 148316.1 | JS11: 148470.5 | JT11: 148615.4 | JU11: 148753.6 | JV11: 148796.6 | JW11: 148955.5 | JX11: 149114.4 | JY11: 149268.7 | JZ11: 149421.5 | KA11: 149559.6 | KB11: 149702 | KC11: 149756 | KD11: 149905.4 | KE11: 150071.7 | KF11: 150227.3 | KG11: 150388.5 | KH11: 150563.2 | KI11: 150702.7 | KJ11: 150740.9 | KK11: 150903 | KL11: 151055 | KM11: 151206.5 | KN11: 151354.4 | KO11: 151500.1 | KP11: 151628.7 | KQ11: 151665.3 | KR11: 151811.5 | KS11: 151960 | KT11: 152106.8 | KU11: 152244.7 | KV11: 152392.2 | KW11: 152521.1 | KX11: 152565.1 | KY11: 152716.9 | KZ11: 152868.4 | LA11: 153019 | LB11: 153149.4 | LC11: 153280.1 | LD11: 153403.3 | LE11: 153433.1 | LF11: 153596.5 | LG11: 153760.1 | LH11: 153910.4 | LI11: 154055.3 | LJ11: 154203 | LK11: 154337 | LL11: 154380.3 | LM11: 154541.7 | LN11: 154685.8 | LO11: 154828.5 | LP11: 154989.9 | LQ11: 155136.5 | LR11: 155285.6 | LS11: 155329.7 | LT11: 155496.9 | LU11: 155665.2 | LV11: 155835.8 | LW11: 156003.2 | LX11: 156168.1 | LY11: 156338.2 | LZ11: 156393.8 | MA11: 156602 | MB11: 156804.5 | MC11: 156989.4 | MD11: 157167.5 | ME11: 157339.1 | MF11: 157518.9 | MG11: 157687.1 | MH11: 157867.9 | MI11: 158050.1 | MJ11: 158226.2 | MK11: 158410.1 | ML11: 158602.4 | MM11: 158799.3 | MN11: 158978.9 | MO11: 159159.5 | MP11: 159355.1 | MQ11: 159576.3 | MR11: 159794.4 | MS11: 160003.7 | MT11: 160211.7 | MU11: 160295.8 | MV11: 160482.7 | MW11: 160664.9 | MX11: 160848.6 | MY11: 161042.7 | MZ11: 161231.2 | NA11: 161334.2 | NB11: 161440 | NC11: 161626.1 | ND11: 161809.5 | NE11: 161974.5 | NF11: 162077.9 | NG11: 162276.7 | NH11: 162467.9 | NI11: 162525.7 | NJ11: 162719.5 | NK11: 162908.7 | NL11: 163104.2 | NM11: 163298.3 | NN11: 163489.9 | NO11: 163685.4 | NP11: 163757.8 | NQ11: 163946.2 | NR11: 164138.9 | NS11: 164332.7 | NT11: 164527.2 | NU11: 164719.1 | NV11: 164909 | NW11: 165003.5 | NX11: 165198.5 | NY11: 165392.5 | NZ11: 165588 | OA11: 165786.5 | OB11: 165977.7 | OC11: 166148.3 | OD11: 166222.5 | OE11: 166403.6 | OF11: 166594.9 | OG11: 166795.9 | OH11: 166995.4 | OI11: 167194.8 | OJ11: 167413.1 | OK11: 167484 | OL11: 167690.4 | OM11: 167896.9 | ON11: 168104 | OO11: 168311.9 | OP11: 168522.7 | OQ11: 168715.9 | OR11: 168769.7 | OS11: 168957.2 | OT11: 169145.1 | OU11: 169334.5 | OV11: 169518 | OW11: 169689.3 | OX11: 169791.3 | OY11: 169804.3 | OZ11: 169817.3 | PA11: 169830.3 | PB11: 169843.2 | PC11: 169856.2 | PD11: 169869.1 | PE11: 169882.1 | PF11: 169899.6 | PG11: 170072.7 | PH11: 170276.2 | PI11: 170472.7 | PJ11: 170665.9 | PK11: 170854.6 | PL11: 171046.2 | PM11: 171120.7 | PN11: 171319.6 | PO11: 171538.7 | PP11: 171757.1 | PQ11: 171983 | PR11: 172197.6 | PS11: 172396.2 | PT11: 172466 | PU11: 172670.8 | PV11: 172884.3 | PW11: 173092.7 | PX11: 173308.3 | PY11: 173515.2 | PZ11: 173724.8 | QA11: 173793.1 | QB11: 173985.3 | QC11: 174212.2 | QD11: 174425.6 | QE11: 174627.5 | QF11: 174815.6 | QG11: 174933.6 | QH11: 174989.3 | QI11: 175175.5 | QJ11: 175388.4 | QK11: 175591.7 | QL11: 175775.3 | QM11: 175971.8 | QN11: 176153.8 | QO11: 176233 | QP11: 176423.7 | QQ11: 176622.1 | QR11: 176819.5 | QS11: 177017.8 | QT11: 177205.7 | QU11: 177330 | QV11: 177408.4 | QW11: 177620 | QX11: 177818.5 | QY11: 178022 | QZ11: 178214.7 | RA11: 178413.6 | RB11: 178573 | RC11: 178625.3 | RD11: 178840 | RE11: 179036.7 | RF11: 179235.5 | RG11: 179440.6 | RH11: 179636.8 | RI11: 179729.2 | RJ11: 179797.3 | RK11: 179997.8 | RL11: 180193.4 | RM11: 180396.4 | RN11: 180595 | RO11: 180779.2 | RP11: 180960.9 | RQ11: 181003 | RR11: 181048.9 | RS11: 181247.7 | RT11: 181417.2 | RU11: 181444.3 | RV11: 181470.6 | RW11: 181497.8 | RX11: 181530.8 | RY11: 181744 | RZ11: 181934.7 | SA11: 182153.6 | SB11: 182360.7 | SC11: 182529.8 | SD11: 182694.4 | SE11: 182738.5 | SF11: 182915.6 | SG11: 183081.9 | SH11: 183251.7 | SI11: 183428.2 | SJ11: 183590 | SK11: 183666.5 | SL11: 183724.3 | SM11: 183893.3 | SN11: 184065.7 | SO11: 184234.6 | SP11: 184414.4 | SQ11: 184594.6 | SR11: 184736.2 | SS11: 184804.5 | ST11: 184979.2 | SU11: 185152.7 | SV11: 185323.3 | SW11: 185493 | SX11: 185673.3 | SY11: 185745.9 | SZ11: 185812.4 | TA11: 185982 | TB11: 186148.3 | TC11: 186312.2 | TD11: 186486.2 | TE11: 186653.8 | TF11: 186802.6 | TG11: 186872.5 | TH11: 187033.1 | TI11: 187191.4 | TJ11: 187362.5 | TK11: 187537.8 | TL11: 187697.1 | TM11: 187760.9 | TN11: 187825.8 | TO11: 188000
C12: F1EL31 | D12: 39398.2 | E12: 39414.6 | F12: 39451.9 | G12: 39487.1 | H12: 39516 | I12: 39519.1 | J12: 39550.5 | K12: 39586.7 | L12: 39622 | M12: 39657.5 | N12: 39692.6 | O12: 39723.3 | P12: 39726.1 | Q12: 39758.6 | R12: 39790.9 | S12: 39825 | T12: 39862.2 | U12: 39896.5 | V12: 39925.9 | W12: 39928.9 | X12: 39955.1 | Y12: 39989.8 | Z12: 40023.9 | AA12: 40057.6 | AB12: 40091.2 | AC12: 40116.7 | AD12: 40126.1 | AE12: 40137.9 | AF12: 40140.5 | AG12: 40143.1 | AH12: 40145.6 | AI12: 40148.2 | AJ12: 40150.8 | AK12: 40154.2 | AL12: 40184.5 | AM12: 40216.8 | AN12: 40249.1 | AO12: 40282.1 | AP12: 40314.9 | AQ12: 40343.9 | AR12: 40373.8 | AS12: 40405.3 | AT12: 40436.2 | AU12: 40469 | AV12: 40500 | AW12: 40534.4 | AX12: 40567.4 | AY12: 40570.6 | AZ12: 40602.7 | BA12: 40637.5 | BB12: 40674.3 | BC12: 40707.8 | BD12: 40745.3 | BE12: 40782 | BF12: 40812.3 | BG12: 40853.6 | BH12: 40894.1 | BI12: 40934.4 | BJ12: 40974.9 | BK12: 41011.7 | BL12: 41050.5 | BM12: 41054 | BN12: 41092.3 | BO12: 41130 | BP12: 41161.9 | BQ12: 41199.6 | BR12: 41237.8 | BS12: 41274.6 | BT12: 41277.9 | BU12: 41320.2 | BV12: 41360.4 | BW12: 41400.6 | BX12: 41439.9 | BY12: 41480.4 | BZ12: 41520.1 | CA12: 41523.5 | CB12: 41562.1 | CC12: 41600.6 | CD12: 41640.7 | CE12: 41680.6 | CF12: 41717.8 | CG12: 41755 | CH12: 41757.8 | CI12: 41791.9 | CJ12: 41825.8 | CK12: 41862.9 | CL12: 41900.3 | CM12: 41937.7 | CN12: 41975.3 | CO12: 41979.9 | CP12: 42019.6 | CQ12: 42057.3 | CR12: 42092.6 | CS12: 42132.8 | CT12: 42170.9 | CU12: 42199.8 | CV12: 42203.8 | CW12: 42210.1 | CX12: 42248.4 | CY12: 42286.6 | CZ12: 42317.6 | DA12: 42351.5 | DB12: 42377.7 | DC12: 42380.6 | DD12: 42415.2 | DE12: 42449.4 | DF12: 42486 | DG12: 42516.2 | DH12: 42546.5 | DI12: 42569.2 | DJ12: 42575.3 | DK12: 42603.3 | DL12: 42635.4 | DM12: 42667.1 | DN12: 42700.7 | DO12: 42732.5 | DP12: 42758.8 | DQ12: 42765.2 | DR12: 42800.2 | DS12: 42827.8 | DT12: 42833.9 | DU12: 42841.3 | DV12: 42876.1 | DW12: 42903.6 | DX12: 42910.3 | DY12: 42933.9 | DZ12: 42952.2 | EA12: 42968.4 | EB12: 42977.5 | EC12: 42997.1 | ED12: 43018.7 | EE12: 43021.4 | EF12: 43043.3 | EG12: 43068.3 | EH12: 43090.2 | EI12: 43112.9 | EJ12: 43135.6 | EK12: 43152.2 | EL12: 43157.5 | EM12: 43175.6 | EN12: 43196.9 | EO12: 43219.4 | EP12: 43240.8 | EQ12: 43261.9 | ER12: 43279.1 | ES12: 43280.6 | ET12: 43302.3 | EU12: 43325.6 | EV12: 43348.7 | EW12: 43372.3 | EX12: 43395.2 | EY12: 43414.2 | EZ12: 43417.1 | FA12: 43438.2 | FB12: 43459.5 | FC12: 43480.6 | FD12: 43504.3 | FE12: 43524.9 | FF12: 43540.9 | FG12: 43543.6 | FH12: 43565.2 | FI12: 43586.1 | FJ12: 43607.1 | FK12: 43628 | FL12: 43643.5 | FM12: 43661.7 | FN12: 43665 | FO12: 43688.2 | FP12: 43719.5 | FQ12: 43740.2 | FR12: 43759.3 | FS12: 43780.7 | FT12: 43797.2 | FU12: 43800 | FV12: 43822.3 | FW12: 43843.5 | FX12: 43863.3 | FY12: 43883.9 | FZ12: 43898.9 | GA12: 43914.7 | GB12: 43917.4 | GC12: 43939.3 | GD12: 43960.1 | GE12: 43981 | GF12: 44001.8 | GG12: 44019.2 | GH12: 44034.4 | GI12: 44037.3 | GJ12: 44058.3 | GK12: 44079.3 | GL12: 44100.7 | GM12: 44118.1 | GN12: 44136.4 | GO12: 44150.5 | GP12: 44154 | GQ12: 44172 | GR12: 44188.8 | GS12: 44210.7 | GT12: 44228.5 | GU12: 44245.9 | GV12: 44259.3 | GW12: 44264.8 | GX12: 44279.7 | GY12: 44283.4 | GZ12: 44305.5 | HA12: 44324.6 | HB12: 44356.3 | HC12: 44377.2 | HD12: 44380.9 | HE12: 44403.5 | HF12: 44425.5 | HG12: 44450.6 | HH12: 44469.8 | HI12: 44495.7 | HJ12: 44520.7 | HK12: 44524.4 | HL12: 44558.4 | HM12: 44593.9 | HN12: 44626.9 | HO12: 44657 | HP12: 44677.1 | HQ12: 44700.4 | HR12: 44706.4 | HS12: 44740.8 | HT12: 44774.9 | HU12: 44811.6 | HV12: 44846.2 | HW12: 44878.2 | HX12: 44908.3 | HY12: 44912 | HZ12: 44948.2 | IA12: 44981.4 | IB12: 45015.4 | IC12: 45050.1 | ID12: 45080.4 | IE12: 45106.6 | IF12: 45110.6 | IG12: 45145.2 | IH12: 45179.5 | II12: 45219.4 | IJ12: 45252 | IK12: 45297.2 | IL12: 45324 | IM12: 45346.7 | IN12: 45361.5 | IO12: 45365.6 | IP12: 45394.2 | IQ12: 45423.1 | IR12: 45450.5 | IS12: 45476.5 | IT12: 45482 | IU12: 45520.4 | IV12: 45558.3 | IW12: 45596.2 | IX12: 45633.1 | IY12: 45670.7 | IZ12: 45706.9 | JA12: 45712.4 | JB12: 45753 | JC12: 45791.4 | JD12: 45828.8 | JE12: 45865.8 | JF12: 45903.9 | JG12: 45940.6 | JH12: 45946.2 | JI12: 45979.8 | JJ12: 46016.5 | JK12: 46055 | JL12: 46094.1 | JM12: 46132.2 | JN12: 46161 | JO12: 46166.6 | JP12: 46205.1 | JQ12: 46241.5 | JR12: 46278.1 | JS12: 46319.2 | JT12: 46354.4 | JU12: 46390.9 | JV12: 46396.5 | JW12: 46436.6 | JX12: 46478.3 | JY12: 46515.8 | JZ12: 46551.3 | KA12: 46585.3 | KB12: 46620.1 | KC12: 46630.1 | KD12: 46667.9 | KE12: 46709.2 | KF12: 46749 | KG12: 46788.2 | KH12: 46827.9 | KI12: 46859.8 | KJ12: 46864.9 | KK12: 46901.7 | KL12: 46938.1 | KM12: 46973.7 | KN12: 47010.5 | KO12: 47046.9 | KP12: 47079 | KQ12: 47084 | KR12: 47119.4 | KS12: 47153.8 | KT12: 47190.2 | KU12: 47222.1 | KV12: 47254.6 | KW12: 47282.7 | KX12: 47287.8 | KY12: 47322.7 | KZ12: 47357.1 | LA12: 47391.2 | LB12: 47425.5 | LC12: 47457.2 | LD12: 47486.3 | LE12: 47489.7 | LF12: 47528 | LG12: 47566.6 | LH12: 47600.4 | LI12: 47635.1 | LJ12: 47669.5 | LK12: 47700.3 | LL12: 47705.6 | LM12: 47742.2 | LN12: 47777 | LO12: 47813.5 | LP12: 47850.2 | LQ12: 47890.4 | LR12: 47928.2 | LS12: 47933.2 | LT12: 47970.5 | LU12: 48009.3 | LV12: 48049.1 | LW12: 48088.3 | LX12: 48128.3 | LY12: 48166.2 | LZ12: 48172.8 | MA12: 48212.8 | MB12: 48251.8 | MC12: 48292.8 | MD12: 48332.3 | ME12: 48372 | MF12: 48411.4 | MG12: 48447.9 | MH12: 48487.1 | MI12: 48526.8 | MJ12: 48564.5 | MK12: 48606.9 | ML12: 48647.6 | MM12: 48687.1 | MN12: 48721.6 | MO12: 48762.3 | MP12: 48804.3 | MQ12: 48851.4 | MR12: 48893.3 | MS12: 48934.8 | MT12: 48975.7 | MU12: 48990.3 | MV12: 49032.1 | MW12: 49074.7 | MX12: 49119 | MY12: 49162 | MZ12: 49206 | NA12: 49229.2 | NB12: 49253.4 | NC12: 49295.3 | ND12: 49341.2 | NE12: 49384.3 | NF12: 49409.6 | NG12: 49453.9 | NH12: 49493.7 | NI12: 49501.5 | NJ12: 49546 | NK12: 49587.2 | NL12: 49632.5 | NM12: 49671.9 | NN12: 49720.5 | NO12: 49770.2 | NP12: 49781.7 | NQ12: 49835.3 | NR12: 49888.9 | NS12: 49943.7 | NT12: 49998.2 | NU12: 50052.7 | NV12: 50107.4 | NW12: 50134.8 | NX12: 50191.3 | NY12: 50248.1 | NZ12: 50304.1 | OA12: 50363.6 | OB12: 50422.1 | OC12: 50471.3 | OD12: 50478.9 | OE12: 50533.3 | OF12: 50594.8 | OG12: 50655.1 | OH12: 50715.2 | OI12: 50774.8 | OJ12: 50830.7 | OK12: 50838.2 | OL12: 50899.1 | OM12: 50959.8 | ON12: 51021.9 | OO12: 51091.2 | OP12: 51161.7 | OQ12: 51225.9 | OR12: 51234.1 | OS12: 51304.8 | OT12: 51375.8 | OU12: 51444.9 | OV12: 51517.8 | OW12: 51577.5 | OX12: 51612 | OY12: 51618.6 | OZ12: 51625.2 | PA12: 51631.8 | PB12: 51638.4 | PC12: 51645 | PD12: 51651.6 | PE12: 51658.2 | PF12: 51666.2 | PG12: 51717.9 | PH12: 51782.4 | PI12: 51844 | PJ12: 51904.5 | PK12: 51968.8 | PL12: 52030.7 | PM12: 52047.4 | PN12: 52119.4 | PO12: 52183.1 | PP12: 52240.1 | PQ12: 52292.8 | PR12: 52341.3 | PS12: 52391.7 | PT12: 52399.4 | PU12: 52457.9 | PV12: 52522.2 | PW12: 52586 | PX12: 52644.6 | PY12: 52706.8 | PZ12: 52767.3 | QA12: 52777.3 | QB12: 52835.1 | QC12: 52890.7 | QD12: 52956.1 | QE12: 53019.7 | QF12: 53068.4 | QG12: 53101.7 | QH12: 53109 | QI12: 53165.4 | QJ12: 53229 | QK12: 53298.2 | QL12: 53350.6 | QM12: 53406.7 | QN12: 53452.4 | QO12: 53463.4 | QP12: 53514.3 | QQ12: 53572.6 | QR12: 53626.3 | QS12: 53684.7 | QT12: 53738.7 | QU12: 53760.6 | QV12: 53773.4 | QW12: 53830.5 | QX12: 53883 | QY12: 53943.3 | QZ12: 54000.2 | RA12: 54056.6 | RB12: 54098.3 | RC12: 54108.1 | RD12: 54169.7 | RE12: 54224.5 | RF12: 54278.1 | RG12: 54332 | RH12: 54385.6 | RI12: 54402.6 | RJ12: 54409.9 | RK12: 54465.9 | RL12: 54522.7 | RM12: 54583.1 | RN12: 54637.9 | RO12: 54694.7 | RP12: 54745.7 | RQ12: 54752 | RR12: 54759.6 | RS12: 54820 | RT12: 54870.2 | RU12: 54876.8 | RV12: 54883.2 | RW12: 54889.5 | RX12: 54897 | RY12: 54941 | RZ12: 54985.1 | SA12: 55031.5 | SB12: 55079.4 | SC12: 55121.8 | SD12: 55160.4 | SE12: 55169 | SF12: 55214.7 | SG12: 55257.4 | SH12: 55299.7 | SI12: 55341.7 | SJ12: 55382.5 | SK12: 55397.1 | SL12: 55404.4 | SM12: 55446.5 | SN12: 55488.4 | SO12: 55526.6 | SP12: 55574.4 | SQ12: 55622.3 | SR12: 55657.5 | SS12: 55664.8 | ST12: 55706.6 | SU12: 55752.5 | SV12: 55795.5 | SW12: 55839.7 | SX12: 55889.4 | SY12: 55899.2 | SZ12: 55906.5 | TA12: 55952.1 | TB12: 55993.1 | TC12: 56031.8 | TD12: 56071.5 | TE12: 56110.9 | TF12: 56144.4 | TG12: 56151.8 | TH12: 56192.5 | TI12: 56232.8 | TJ12: 56272.7 | TK12: 56311.9 | TL12: 56349.8 | TM12: 56356 | TN12: 56363.5 | TO12: 56407.5
C13: F1PZ31 | D13: 10137.2 | E13: 10146.9 | F13: 10162.8 | G13: 10179.2 | H13: 10193.3 | I13: 10202.7 | J13: 10218.9 | K13: 10235.5 | L13: 10252.6 | M13: 10268.9 | N13: 10285.4 | O13: 10300.3 | P13: 10302.8 | Q13: 10316.6 | R13: 10335.7 | S13: 10352.4 | T13: 10368.4 | U13: 10384.8 | V13: 10398.5 | W13: 10411.1 | X13: 10427.1 | Y13: 10437.3 | Z13: 10452.7 | AA13: 10466.8 | AB13: 10481.9 | AC13: 10493.1 | AD13: 10501.5 | AE13: 10505.5 | AF13: 10505.5 | AG13: 10505.5 | AH13: 10505.5 | AI13: 10505.5 | AJ13: 10505.5 | AK13: 10510.6 | AL13: 10525.2 | AM13: 10540.8 | AN13: 10557.1 | AO13: 10573.1 | AP13: 10590 | AQ13: 10606.6 | AR13: 10622.5 | AS13: 10638.9 | AT13: 10655.1 | AU13: 10670.8 | AV13: 10686 | AW13: 10702.2 | AX13: 10716.1 | AY13: 10724.9 | AZ13: 10741.6 | BA13: 10757.8 | BB13: 10774 | BC13: 10790.2 | BD13: 10806.2 | BE13: 10821.4 | BF13: 10836.4 | BG13: 10852.1 | BH13: 10869.2 | BI13: 10886 | BJ13: 10902.8 | BK13: 10918.7 | BL13: 10933.8 | BM13: 10943.7 | BN13: 10960.8 | BO13: 10979.5 | BP13: 10996.9 | BQ13: 11014.1 | BR13: 11030.9 | BS13: 11046.5 | BT13: 11056.4 | BU13: 11074.2 | BV13: 11090.6 | BW13: 11110 | BX13: 11127.8 | BY13: 11146 | BZ13: 11162.6 | CA13: 11172.4 | CB13: 11191.3 | CC13: 11209.3 | CD13: 11227.5 | CE13: 11245.7 | CF13: 11263.4 | CG13: 11279 | CH13: 11288.1 | CI13: 11304.4 | CJ13: 11321.7 | CK13: 11338.4 | CL13: 11356.2 | CM13: 11373.6 | CN13: 11389 | CO13: 11399.3 | CP13: 11418.4 | CQ13: 11437 | CR13: 11456.1 | CS13: 11474.7 | CT13: 11494.7 | CU13: 11510.5 | CV13: 11518.9 | CW13: 11528.7 | CX13: 11548.1 | CY13: 11566.3 | CZ13: 11585.3 | DA13: 11603.7 | DB13: 11621.9 | DC13: 11631.4 | DD13: 11649.2 | DE13: 11667 | DF13: 11684.9 | DG13: 11702.1 | DH13: 11720 | DI13: 11733.9 | DJ13: 11743.8 | DK13: 11761 | DL13: 11777.6 | DM13: 11790.7 | DN13: 11803.9 | DO13: 11814.2 | DP13: 11823.4 | DQ13: 11829.1 | DR13: 11842.6 | DS13: 11852.8 | DT13: 11857.6 | DU13: 11863.5 | DV13: 11875.3 | DW13: 11885 | DX13: 11891.2 | DY13: 11908.9 | DZ13: 11923.6 | EA13: 11937.9 | EB13: 11942.3 | EC13: 11962.5 | ED13: 11975.5 | EE13: 11987.1 | EF13: 11999.1 | EG13: 12009.8 | EH13: 12020.1 | EI13: 12030.9 | EJ13: 12047.9 | EK13: 12060.1 | EL13: 12072.2 | EM13: 12088.2 | EN13: 12104.6 | EO13: 12130.2 | EP13: 12154 | EQ13: 12176.1 | ER13: 12186.3 | ES13: 12187.4 | ET13: 12199.4 | EU13: 12208.6 | EV13: 12217.9 | EW13: 12229.1 | EX13: 12238.3 | EY13: 12245.6 | EZ13: 12250.6 | FA13: 12259.4 | FB13: 12268.3 | FC13: 12276.8 | FD13: 12288.4 | FE13: 12297 | FF13: 12304 | FG13: 12309.3 | FH13: 12319.4 | FI13: 12328.2 | FJ13: 12338.7 | FK13: 12347.8 | FL13: 12356.1 | FM13: 12363.5 | FN13: 12368.9 | FO13: 12377.6 | FP13: 12385.8 | FQ13: 12395.5 | FR13: 12403.8 | FS13: 12412.6 | FT13: 12419.3 | FU13: 12424.4 | FV13: 12432.7 | FW13: 12441.4 | FX13: 12449.8 | FY13: 12458.4 | FZ13: 12466.7 | GA13: 12473.2 | GB13: 12478.3 | GC13: 12487.3 | GD13: 12497.4 | GE13: 12508.4 | GF13: 12517.5 | GG13: 12526.3 | GH13: 12532.1 | GI13: 12536.7 | GJ13: 12545.9 | GK13: 12563.4 | GL13: 12576.4 | GM13: 12589.5 | GN13: 12603.5 | GO13: 12615.4 | GP13: 12624.8 | GQ13: 12637.4 | GR13: 12651.5 | GS13: 12664.8 | GT13: 12678.5 | GU13: 12694.6 | GV13: 12708.8 | GW13: 12718.2 | GX13: 12730 | GY13: 12742.3 | GZ13: 12756.5 | HA13: 12771.4 | HB13: 12786.7 | HC13: 12800.5 | HD13: 12810.2 | HE13: 12825.9 | HF13: 12842.7 | HG13: 12862.2 | HH13: 12879.8 | HI13: 12896.9 | HJ13: 12912.8 | HK13: 12922.2 | HL13: 12940.7 | HM13: 12959.3 | HN13: 12975.3 | HO13: 12991.3 | HP13: 13007.2 | HQ13: 13020.6 | HR13: 13030 | HS13: 13049.8 | HT13: 13067.1 | HU13: 13084.1 | HV13: 13100 | HW13: 13115.5 | HX13: 13130.1 | HY13: 13139.7 | HZ13: 13155.6 | IA13: 13174 | IB13: 13192.4 | IC13: 13208.5 | ID13: 13226.4 | IE13: 13241.2 | IF13: 13251.5 | IG13: 13272.6 | IH13: 13290.8 | II13: 13307.8 | IJ13: 13326.4 | IK13: 13340.5 | IL13: 13349.3 | IM13: 13353.7 | IN13: 13358.2 | IO13: 13369.3 | IP13: 13386.5 | IQ13: 13403.7 | IR13: 13421.3 | IS13: 13436.9 | IT13: 13446.2 | IU13: 13465.1 | IV13: 13485.4 | IW13: 13497.6 | IX13: 13509.6 | IY13: 13523.8 | IZ13: 13536.1 | JA13: 13541.9 | JB13: 13556.1 | JC13: 13571.4 | JD13: 13585.7 | JE13: 13607.3 | JF13: 13625.6 | JG13: 13642.5 | JH13: 13652.1 | JI13: 13671.3 | JJ13: 13690.9 | JK13: 13710.5 | JL13: 13730.5 | JM13: 13751.2 | JN13: 13766 | JO13: 13776.1 | JP13: 13794.7 | JQ13: 13815 | JR13: 13834.7 | JS13: 13852.1 | JT13: 13870.9 | JU13: 13887.3 | JV13: 13897.4 | JW13: 13916.6 | JX13: 13935.4 | JY13: 13953.8 | JZ13: 13974 | KA13: 13993.9 | KB13: 14011.1 | KC13: 14024.2 | KD13: 14045 | KE13: 14065.5 | KF13: 14087 | KG13: 14107.6 | KH13: 14130.5 | KI13: 14149.4 | KJ13: 14161 | KK13: 14181.2 | KL13: 14201.4 | KM13: 14222.3 | KN13: 14242.5 | KO13: 14263 | KP13: 14280.8 | KQ13: 14291 | KR13: 14312.6 | KS13: 14333.9 | KT13: 14357.4 | KU13: 14378.7 | KV13: 14399.8 | KW13: 14418.4 | KX13: 14429 | KY13: 14448.4 | KZ13: 14470.8 | LA13: 14492.1 | LB13: 14510 | LC13: 14527.1 | LD13: 14546.5 | LE13: 14550.9 | LF13: 14574.3 | LG13: 14595.5 | LH13: 14616.7 | LI13: 14635 | LJ13: 14653.6 | LK13: 14669.1 | LL13: 14679.6 | LM13: 14701.3 | LN13: 14720.2 | LO13: 14738 | LP13: 14757 | LQ13: 14773.4 | LR13: 14792.3 | LS13: 14803 | LT13: 14822.5 | LU13: 14843.9 | LV13: 14863.9 | LW13: 14886.2 | LX13: 14906.6 | LY13: 14923.9 | LZ13: 14930.3 | MA13: 14950 | MB13: 14970 | MC13: 14989.7 | MD13: 15008.1 | ME13: 15026.7 | MF13: 15047.7 | MG13: 15067.6 | MH13: 15086.4 | MI13: 15106.2 | MJ13: 15121.3 | MK13: 15140.6 | ML13: 15160.3 | MM13: 15175.4 | MN13: 15188.6 | MO13: 15207.2 | MP13: 15229.1 | MQ13: 15250.8 | MR13: 15269.2 | MS13: 15290.7 | MT13: 15313.8 | MU13: 15323.1 | MV13: 15345.5 | MW13: 15368.1 | MX13: 15388.8 | MY13: 15408.9 | MZ13: 15427.8 | NA13: 15432.4 | NB13: 15437.8 | NC13: 15455.2 | ND13: 15467.7 | NE13: 15475.7 | NF13: 15483.3 | NG13: 15503.2 | NH13: 15517.7 | NI13: 15524.9 | NJ13: 15553.7 | NK13: 15579.4 | NL13: 15605.6 | NM13: 15628.7 | NN13: 15654.3 | NO13: 15673.7 | NP13: 15685.1 | NQ13: 15708.4 | NR13: 15735.3 | NS13: 15762.5 | NT13: 15788.3 | NU13: 15812.2 | NV13: 15833.8 | NW13: 15845.7 | NX13: 15868.8 | NY13: 15893.2 | NZ13: 15915.8 | OA13: 15938.6 | OB13: 15961.1 | OC13: 15980.2 | OD13: 15991.6 | OE13: 16015.6 | OF13: 16039.2 | OG13: 16064.6 | OH13: 16089.8 | OI13: 16116 | OJ13: 16136.9 | OK13: 16149.3 | OL13: 16173.6 | OM13: 16196.8 | ON13: 16219.9 | OO13: 16244.6 | OP13: 16270.9 | OQ13: 16292.5 | OR13: 16305 | OS13: 16330.8 | OT13: 16354.1 | OU13: 16377.3 | OV13: 16399.8 | OW13: 16420.7 | OX13: 16427.6 | OY13: 16427.6 | OZ13: 16427.6 | PA13: 16427.6 | PB13: 16427.6 | PC13: 16427.6 | PD13: 16427.6 | PE13: 16427.6 | PF13: 16427.7 | PG13: 16446.1 | PH13: 16463.9 | PI13: 16482.6 | PJ13: 16502.7 | PK13: 16521.2 | PL13: 16540.3 | PM13: 16547.8 | PN13: 16565.4 | PO13: 16585.2 | PP13: 16611.6 | PQ13: 16637.6 | PR13: 16663.4 | PS13: 16684.1 | PT13: 16699.6 | PU13: 16724.7 | PV13: 16750.2 | PW13: 16774 | PX13: 16799.6 | PY13: 16822.5 | PZ13: 16842 | QA13: 16854.9 | QB13: 16881.4 | QC13: 16908.2 | QD13: 16935.3 | QE13: 16963.4 | QF13: 16989.1 | QG13: 17004.9 | QH13: 17016 | QI13: 17044.6 | QJ13: 17070.9 | QK13: 17095.3 | QL13: 17119.3 | QM13: 17143.9 | QN13: 17162.4 | QO13: 17173.6 | QP13: 17199 | QQ13: 17221.8 | QR13: 17244.4 | QS13: 17270.4 | QT13: 17295.5 | QU13: 17310.6 | QV13: 17322.5 | QW13: 17349.1 | QX13: 17376.6 | QY13: 17405.2 | QZ13: 17432.7 | RA13: 17457.5 | RB13: 17476.3 | RC13: 17487.8 | RD13: 17512.3 | RE13: 17535.5 | RF13: 17558.9 | RG13: 17581.7 | RH13: 17602.1 | RI13: 17613.4 | RJ13: 17626.2 | RK13: 17649.4 | RL13: 17673.3 | RM13: 17696.1 | RN13: 17723.4 | RO13: 17749.1 | RP13: 17769.8 | RQ13: 17778.2 | RR13: 17789 | RS13: 17814.1 | RT13: 17834.1 | RU13: 17842.1 | RV13: 17850.5 | RW13: 17858.7 | RX13: 17870.7 | RY13: 17892.6 | RZ13: 17914.4 | SA13: 17935.6 | SB13: 17956.4 | SC13: 17975.9 | SD13: 17992.6 | SE13: 18004 | SF13: 18026.3 | SG13: 18046.1 | SH13: 18065.7 | SI13: 18086.2 | SJ13: 18103.9 | SK13: 18114.5 | SL13: 18129.2 | SM13: 18148.2 | SN13: 18166.6 | SO13: 18186.7 | SP13: 18204.5 | SQ13: 18222.7 | SR13: 18239.2 | SS13: 18250.5 | ST13: 18272.8 | SU13: 18290.1 | SV13: 18308 | SW13: 18325.6 | SX13: 18341 | SY13: 18349.3 | SZ13: 18360.9 | TA13: 18379.4 | TB13: 18398.3 | TC13: 18416.7 | TD13: 18435 | TE13: 18453.5 | TF13: 18467.7 | TG13: 18478.4 | TH13: 18497.8 | TI13: 18516.6 | TJ13: 18536.4 | TK13: 18555.3 | TL13: 18570.5 | TM13: 18578.3 | TN13: 18589.6 | TO13: 18610.4
C14: F1L32 | D14: 102389 | E14: 102438.8 | F14: 102522.3 | G14: 102606.6 | H14: 102689.6 | I14: 102729.3 | J14: 102818.7 | K14: 102912.2 | L14: 103000.9 | M14: 103088.4 | N14: 103172.5 | O14: 103251.7 | P14: 103280.4 | Q14: 103360.9 | R14: 103446.5 | S14: 103530.8 | T14: 103601.2 | U14: 103667.2 | V14: 103727.5 | W14: 103754.3 | X14: 103819.4 | Y14: 103884.4 | Z14: 103948.6 | AA14: 104012.2 | AB14: 104076.1 | AC14: 104132.2 | AD14: 104163 | AE14: 104192.9 | AF14: 104206.8 | AG14: 104220.7 | AH14: 104234.6 | AI14: 104248.8 | AJ14: 104262.8 | AK14: 104277.9 | AL14: 104335.5 | AM14: 104389.8 | AN14: 104448 | AO14: 104503.8 | AP14: 104558.6 | AQ14: 104617.2 | AR14: 104676.9 | AS14: 104734.6 | AT14: 104793.5 | AU14: 104859.9 | AV14: 104926.3 | AW14: 104994.6 | AX14: 105063 | AY14: 105103.6 | AZ14: 105165.3 | BA14: 105230.6 | BB14: 105312.5 | BC14: 105385 | BD14: 105461.9 | BE14: 105540.9 | BF14: 105614.7 | BG14: 105698.9 | BH14: 105776.1 | BI14: 105859.9 | BJ14: 105945.5 | BK14: 106037.8 | BL14: 106120.3 | BM14: 106157.8 | BN14: 106240.3 | BO14: 106323.6 | BP14: 106406.9 | BQ14: 106481.8 | BR14: 106561.2 | BS14: 106647.8 | BT14: 106690 | BU14: 106782.4 | BV14: 106900.3 | BW14: 107018.7 | BX14: 107128.8 | BY14: 107244.4 | BZ14: 107337 | CA14: 107396.4 | CB14: 107505.5 | CC14: 107595.5 | CD14: 107680.3 | CE14: 107777.3 | CF14: 107869.1 | CG14: 107968.2 | CH14: 108011.9 | CI14: 108108.1 | CJ14: 108207.9 | CK14: 108315.4 | CL14: 108425.8 | CM14: 108538.3 | CN14: 108638.3 | CO14: 108684.6 | CP14: 108779.7 | CQ14: 108867.5 | CR14: 108957.7 | CS14: 109047.5 | CT14: 109136 | CU14: 109207.1 | CV14: 109259.1 | CW14: 109314.7 | CX14: 109406.7 | CY14: 109502.2 | CZ14: 109602.9 | DA14: 109703.2 | DB14: 109791.5 | DC14: 109835.9 | DD14: 109931.9 | DE14: 110030.8 | DF14: 110132.2 | DG14: 110230.9 | DH14: 110333.3 | DI14: 110420.1 | DJ14: 110475.6 | DK14: 110575.1 | DL14: 110681.8 | DM14: 110781.7 | DN14: 110887.6 | DO14: 110989.2 | DP14: 111078 | DQ14: 111123 | DR14: 111229.3 | DS14: 111311.7 | DT14: 111342.1 | DU14: 111376.4 | DV14: 111483 | DW14: 111564.3 | DX14: 111599.7 | DY14: 111679.4 | DZ14: 111772.4 | EA14: 111869.2 | EB14: 111910.9 | EC14: 112007.3 | ED14: 112092.8 | EE14: 112138.6 | EF14: 112223.6 | EG14: 112310.7 | EH14: 112404.4 | EI14: 112491.9 | EJ14: 112585.1 | EK14: 112655.2 | EL14: 112699.6 | EM14: 112782.2 | EN14: 112867 | EO14: 112953.7 | EP14: 113039.1 | EQ14: 113116.6 | ER14: 113182.4 | ES14: 113210.8 | ET14: 113295.5 | EU14: 113385.1 | EV14: 113471 | EW14: 113557.1 | EX14: 113627.8 | EY14: 113703.7 | EZ14: 113752.3 | FA14: 113844.6 | FB14: 113935.7 | FC14: 114024.4 | FD14: 114121.8 | FE14: 114212.7 | FF14: 114294.4 | FG14: 114321.3 | FH14: 114418.5 | FI14: 114514 | FJ14: 114609.6 | FK14: 114713.6 | FL14: 114815 | FM14: 114905 | FN14: 114932 | FO14: 115018.1 | FP14: 115109.6 | FQ14: 115207.8 | FR14: 115302.8 | FS14: 115396.2 | FT14: 115481.7 | FU14: 115505.6 | FV14: 115607.3 | FW14: 115715.6 | FX14: 115812.7 | FY14: 115907.9 | FZ14: 115996.1 | GA14: 116087.1 | GB14: 116113.4 | GC14: 116216.7 | GD14: 116322.5 | GE14: 116416.2 | GF14: 116514.5 | GG14: 116611 | GH14: 116695.8 | GI14: 116724.2 | GJ14: 116817.9 | GK14: 116918.3 | GL14: 117017.1 | GM14: 117119.5 | GN14: 117226.6 | GO14: 117317.5 | GP14: 117347 | GQ14: 117442.5 | GR14: 117537.7 | GS14: 117630.6 | GT14: 117720.8 | GU14: 117816.2 | GV14: 117891.4 | GW14: 117924 | GX14: 117988.7 | GY14: 118020.1 | GZ14: 118109.1 | HA14: 118214.9 | HB14: 118309.4 | HC14: 118390.9 | HD14: 118424.8 | HE14: 118527.4 | HF14: 118630 | HG14: 118732.9 | HH14: 118824.4 | HI14: 118907.3 | HJ14: 118998.7 | HK14: 119048.3 | HL14: 119159.3 | HM14: 119263.7 | HN14: 119357.8 | HO14: 119451.3 | HP14: 119532.5 | HQ14: 119613.4 | HR14: 119649.4 | HS14: 119749 | HT14: 119850.4 | HU14: 119954.1 | HV14: 120049.4 | HW14: 120132.6 | HX14: 120214.6 | HY14: 120254.8 | HZ14: 120345.8 | IA14: 120434.6 | IB14: 120529.4 | IC14: 120622.3 | ID14: 120708.9 | IE14: 120787.4 | IF14: 120841.6 | IG14: 120926.5 | IH14: 121012.4 | II14: 121101.1 | IJ14: 121189.3 | IK14: 121284.6 | IL14: 121358.1 | IM14: 121415.6 | IN14: 121466.2 | IO14: 121491.5 | IP14: 121574.1 | IQ14: 121655.8 | IR14: 121745.7 | IS14: 121830.8 | IT14: 121866.5 | IU14: 121961.5 | IV14: 122044.5 | IW14: 122121.6 | IX14: 122200.2 | IY14: 122280.5 | IZ14: 122364.9 | JA14: 122397 | JB14: 122477.1 | JC14: 122555.1 | JD14: 122633.5 | JE14: 122718.8 | JF14: 122804.6 | JG14: 122887.9 | JH14: 122928.2 | JI14: 123022.2 | JJ14: 123122.8 | JK14: 123216.2 | JL14: 123316.7 | JM14: 123424 | JN14: 123510.4 | JO14: 123555.3 | JP14: 123660.5 | JQ14: 123769.1 | JR14: 123881 | JS14: 123977.2 | JT14: 124071.3 | JU14: 124167 | JV14: 124224.9 | JW14: 124308.7 | JX14: 124387.6 | JY14: 124462.4 | JZ14: 124537.1 | KA14: 124608.3 | KB14: 124690.3 | KC14: 124733.6 | KD14: 124810.5 | KE14: 124889.6 | KF14: 124965.8 | KG14: 125040.9 | KH14: 125113.8 | KI14: 125178.8 | KJ14: 125216.1 | KK14: 125303 | KL14: 125387.3 | KM14: 125459.3 | KN14: 125532.7 | KO14: 125609.4 | KP14: 125679.6 | KQ14: 125721.7 | KR14: 125805.3 | KS14: 125879.3 | KT14: 125946.7 | KU14: 126013.7 | KV14: 126084.8 | KW14: 126150 | KX14: 126193.8 | KY14: 126266.2 | KZ14: 126330.8 | LA14: 126394 | LB14: 126458.5 | LC14: 126520.4 | LD14: 126571.1 | LE14: 126590.5 | LF14: 126660.9 | LG14: 126727.8 | LH14: 126791 | LI14: 126853.6 | LJ14: 126920.7 | LK14: 126980.3 | LL14: 127011.5 | LM14: 127077 | LN14: 127143 | LO14: 127212 | LP14: 127278.2 | LQ14: 127350.4 | LR14: 127416.9 | LS14: 127466.6 | LT14: 127533.7 | LU14: 127597.5 | LV14: 127663.2 | LW14: 127731.2 | LX14: 127800.8 | LY14: 127881.9 | LZ14: 127925.6 | MA14: 128008.7 | MB14: 128098 | MC14: 128177.9 | MD14: 128251 | ME14: 128322.8 | MF14: 128396.5 | MG14: 128460.3 | MH14: 128527.3 | MI14: 128599 | MJ14: 128676.2 | MK14: 128759.5 | ML14: 128847.2 | MM14: 128932.6 | MN14: 128996.2 | MO14: 129085.3 | MP14: 129181.9 | MQ14: 129283.3 | MR14: 129383.6 | MS14: 129480.1 | MT14: 129566.7 | MU14: 129612.4 | MV14: 129702.2 | MW14: 129800.1 | MX14: 129896.4 | MY14: 129987.3 | MZ14: 130076.8 | NA14: 130121.3 | NB14: 130168.4 | NC14: 130252.3 | ND14: 130339.4 | NE14: 130408.8 | NF14: 130458.8 | NG14: 130544.2 | NH14: 130628.2 | NI14: 130674.7 | NJ14: 130752.9 | NK14: 130832.3 | NL14: 130924.2 | NM14: 131012.6 | NN14: 131109.4 | NO14: 131174.6 | NP14: 131217.5 | NQ14: 131316.1 | NR14: 131413.5 | NS14: 131513.5 | NT14: 131607.6 | NU14: 131703.6 | NV14: 131792.7 | NW14: 131835.5 | NX14: 131930.9 | NY14: 132026 | NZ14: 132124.9 | OA14: 132221.6 | OB14: 132316.3 | OC14: 132396 | OD14: 132438.6 | OE14: 132529.5 | OF14: 132621.1 | OG14: 132720.4 | OH14: 132823.8 | OI14: 132922.3 | OJ14: 133024.5 | OK14: 133068.7 | OL14: 133172 | OM14: 133271.7 | ON14: 133379.6 | OO14: 133479 | OP14: 133580.1 | OQ14: 133680.8 | OR14: 133726.1 | OS14: 133827.3 | OT14: 133922.2 | OU14: 134017.3 | OV14: 134109.3 | OW14: 134189.4 | OX14: 134240.6 | OY14: 134265.8 | OZ14: 134290.4 | PA14: 134316.6 | PB14: 134340.9 | PC14: 134364.8 | PD14: 134389.6 | PE14: 134412.7 | PF14: 134437.6 | PG14: 134511.2 | PH14: 134603.3 | PI14: 134705.7 | PJ14: 134808 | PK14: 134906.5 | PL14: 135002.1 | PM14: 135045.6 | PN14: 135150.1 | PO14: 135262 | PP14: 135361.9 | PQ14: 135462.5 | PR14: 135558.9 | PS14: 135650.5 | PT14: 135702 | PU14: 135796.2 | PV14: 135891.4 | PW14: 135996.5 | PX14: 136099.6 | PY14: 136199.8 | PZ14: 136302.9 | QA14: 136331.6 | QB14: 136434.3 | QC14: 136532.9 | QD14: 136636.6 | QE14: 136751 | QF14: 136861.2 | QG14: 136939.9 | QH14: 136967.8 | QI14: 137081.4 | QJ14: 137191.8 | QK14: 137307 | QL14: 137418.1 | QM14: 137522.5 | QN14: 137622.3 | QO14: 137672.8 | QP14: 137784.3 | QQ14: 137893.4 | QR14: 138000.7 | QS14: 138107.2 | QT14: 138220.2 | QU14: 138305.1 | QV14: 138355.2 | QW14: 138465.7 | QX14: 138579.5 | QY14: 138698.5 | QZ14: 138806.6 | RA14: 138909.6 | RB14: 139000.6 | RC14: 139043.8 | RD14: 139144.1 | RE14: 139244 | RF14: 139343.5 | RG14: 139444.5 | RH14: 139553.3 | RI14: 139592.8 | RJ14: 139626.6 | RK14: 139732.9 | RL14: 139830.3 | RM14: 139929.9 | RN14: 140034.5 | RO14: 140122.1 | RP14: 140205 | RQ14: 140248.5 | RR14: 140297 | RS14: 140384.2 | RT14: 140462.6 | RU14: 140490.3 | RV14: 140522.1 | RW14: 140551.1 | RX14: 140581.7 | RY14: 140671.4 | RZ14: 140752.4 | SA14: 140842.7 | SB14: 140940.2 | SC14: 141038.3 | SD14: 141115.2 | SE14: 141148.5 | SF14: 141244.5 | SG14: 141339.5 | SH14: 141441.4 | SI14: 141539.6 | SJ14: 141630.9 | SK14: 141680 | SL14: 141729 | SM14: 141826 | SN14: 141927.8 | SO14: 142028 | SP14: 142123.7 | SQ14: 142223.3 | SR14: 142321.1 | SS14: 142379.7 | ST14: 142482.5 | SU14: 142590.2 | SV14: 142690.6 | SW14: 142788.1 | SX14: 142875.5 | SY14: 142943.1 | SZ14: 143001.6 | TA14: 143111.1 | TB14: 143223.5 | TC14: 143336.5 | TD14: 143454.1 | TE14: 143574.7 | TF14: 143679.6 | TG14: 143734.5 | TH14: 143840 | TI14: 143939.6 | TJ14: 144051.3 | TK14: 144178.1 | TL14: 144279.8 | TM14: 144326.2 | TN14: 144369.7 | TO14: 144468.9
C15: F1EL32 | D15: 46651.9 | E15: 46660.9 | F15: 46703.5 | G15: 46746.6 | H15: 46790.3 | I15: 46791.2 | J15: 46836.4 | K15: 46881.9 | L15: 46924 | M15: 46966.2 | N15: 47007.3 | O15: 47045.3 | P15: 47047.3 | Q15: 47087.2 | R15: 47126.6 | S15: 47170.6 | T15: 47209.8 | U15: 47249.6 | V15: 47286 | W15: 47287.7 | X15: 47332.1 | Y15: 47370.6 | Z15: 47410.7 | AA15: 47446.9 | AB15: 47483.9 | AC15: 47512.7 | AD15: 47513.2 | AE15: 47527.5 | AF15: 47527.5 | AG15: 47527.5 | AH15: 47527.5 | AI15: 47527.5 | AJ15: 47527.5 | AK15: 47528.8 | AL15: 47562.1 | AM15: 47597.5 | AN15: 47633.2 | AO15: 47672.3 | AP15: 47710.3 | AQ15: 47747.9 | AR15: 47785.2 | AS15: 47818.8 | AT15: 47860.7 | AU15: 47897.2 | AV15: 47936.4 | AW15: 47976.6 | AX15: 48014.1 | AY15: 48015 | AZ15: 48055.5 | BA15: 48098.3 | BB15: 48144.8 | BC15: 48190.8 | BD15: 48238.3 | BE15: 48284.8 | BF15: 48330.2 | BG15: 48374.3 | BH15: 48420.5 | BI15: 48468.2 | BJ15: 48515.1 | BK15: 48561.7 | BL15: 48608.6 | BM15: 48609.5 | BN15: 48653.5 | BO15: 48704.1 | BP15: 48752.3 | BQ15: 48798.7 | BR15: 48843.6 | BS15: 48887 | BT15: 48897.1 | BU15: 48942.7 | BV15: 48997.4 | BW15: 49054.8 | BX15: 49111.9 | BY15: 49173.1 | BZ15: 49219.3 | CA15: 49223.9 | CB15: 49278 | CC15: 49321.6 | CD15: 49369.5 | CE15: 49422.8 | CF15: 49470.6 | CG15: 49518.4 | CH15: 49519.5 | CI15: 49569.5 | CJ15: 49619.3 | CK15: 49666 | CL15: 49713.9 | CM15: 49764.1 | CN15: 49814.7 | CO15: 49815.6 | CP15: 49864.8 | CQ15: 49914.9 | CR15: 49964.6 | CS15: 50014.9 | CT15: 50057.2 | CU15: 50093.9 | CV15: 50103 | CW15: 50113.5 | CX15: 50163.7 | CY15: 50210.7 | CZ15: 50259.3 | DA15: 50308.7 | DB15: 50355 | DC15: 50355.9 | DD15: 50405.3 | DE15: 50453.9 | DF15: 50505.6 | DG15: 50556 | DH15: 50605.3 | DI15: 50642.9 | DJ15: 50650.2 | DK15: 50698.9 | DL15: 50752.3 | DM15: 50799.3 | DN15: 50850.8 | DO15: 50898 | DP15: 50936 | DQ15: 50937 | DR15: 50988.6 | DS15: 51028.4 | DT15: 51028.4 | DU15: 51029.6 | DV15: 51082.4 | DW15: 51118 | DX15: 51119.2 | DY15: 51153.7 | DZ15: 51193.6 | EA15: 51228.2 | EB15: 51248.6 | EC15: 51282.6 | ED15: 51313.4 | EE15: 51315.3 | EF15: 51350.6 | EG15: 51384.4 | EH15: 51415.5 | EI15: 51447.7 | EJ15: 51479.1 | EK15: 51503.1 | EL15: 51505 | EM15: 51537.4 | EN15: 51572.2 | EO15: 51605.5 | EP15: 51639.5 | EQ15: 51676.8 | ER15: 51704 | ES15: 51705.2 | ET15: 51744.7 | EU15: 51779.8 | EV15: 51812.6 | EW15: 51847.7 | EX15: 51881.4 | EY15: 51909 | EZ15: 51910.1 | FA15: 51946.2 | FB15: 51983.5 | FC15: 52019.3 | FD15: 52055.1 | FE15: 52090.4 | FF15: 52129.5 | FG15: 52131.8 | FH15: 52174.2 | FI15: 52212.2 | FJ15: 52254.8 | FK15: 52299.8 | FL15: 52345 | FM15: 52377.7 | FN15: 52379 | FO15: 52422 | FP15: 52461.3 | FQ15: 52505.1 | FR15: 52546.4 | FS15: 52591.5 | FT15: 52625.4 | FU15: 52626.6 | FV15: 52667.7 | FW15: 52709.1 | FX15: 52749 | FY15: 52789.9 | FZ15: 52825.8 | GA15: 52866.4 | GB15: 52867.5 | GC15: 52905.4 | GD15: 52947.3 | GE15: 52986.4 | GF15: 53025 | GG15: 53064.1 | GH15: 53096 | GI15: 53097.2 | GJ15: 53135 | GK15: 53171.9 | GL15: 53211.9 | GM15: 53252.8 | GN15: 53287.6 | GO15: 53318.2 | GP15: 53319.3 | GQ15: 53358.1 | GR15: 53393.8 | GS15: 53431.4 | GT15: 53470.1 | GU15: 53508.8 | GV15: 53535.6 | GW15: 53537 | GX15: 53564 | GY15: 53568.4 | GZ15: 53607.9 | HA15: 53663.6 | HB15: 53708.4 | HC15: 53742.8 | HD15: 53744.1 | HE15: 53793.7 | HF15: 53845.2 | HG15: 53899.9 | HH15: 53948.3 | HI15: 53992.4 | HJ15: 54033.7 | HK15: 54038.2 | HL15: 54091.4 | HM15: 54144.9 | HN15: 54194.4 | HO15: 54242.5 | HP15: 54281.8 | HQ15: 54321.4 | HR15: 54322.5 | HS15: 54371.9 | HT15: 54423.3 | HU15: 54470.3 | HV15: 54518.1 | HW15: 54557.1 | HX15: 54597.7 | HY15: 54604.2 | HZ15: 54657 | IA15: 54708.3 | IB15: 54761.4 | IC15: 54811.4 | ID15: 54855.6 | IE15: 54892.3 | IF15: 54893.8 | IG15: 54946.5 | IH15: 54998.1 | II15: 55049.9 | IJ15: 55099.6 | IK15: 55147.9 | IL15: 55187.2 | IM15: 55213.2 | IN15: 55229.2 | IO15: 55230.8 | IP15: 55282.5 | IQ15: 55327.8 | IR15: 55373.7 | IS15: 55417.5 | IT15: 55419.3 | IU15: 55468.8 | IV15: 55516.9 | IW15: 55563.1 | IX15: 55612.3 | IY15: 55658.5 | IZ15: 55705.9 | JA15: 55707.5 | JB15: 55754.7 | JC15: 55799.7 | JD15: 55846.8 | JE15: 55895.3 | JF15: 55942.8 | JG15: 55988.2 | JH15: 55989.8 | JI15: 56041 | JJ15: 56089.8 | JK15: 56143 | JL15: 56198.3 | JM15: 56253.7 | JN15: 56298.2 | JO15: 56300 | JP15: 56352.6 | JQ15: 56403.9 | JR15: 56454.2 | JS15: 56501.8 | JT15: 56544.1 | JU15: 56586.9 | JV15: 56588.5 | JW15: 56633.1 | JX15: 56680.5 | JY15: 56729.7 | JZ15: 56778.4 | KA15: 56823 | KB15: 56870 | KC15: 56871.2 | KD15: 56918 | KE15: 56966.7 | KF15: 57010.6 | KG15: 57055.5 | KH15: 57103.3 | KI15: 57143.9 | KJ15: 57145.3 | KK15: 57195 | KL15: 57244.5 | KM15: 57292.3 | KN15: 57337 | KO15: 57382.8 | KP15: 57417.2 | KQ15: 57418.4 | KR15: 57464 | KS15: 57512.4 | KT15: 57560.5 | KU15: 57600.7 | KV15: 57644.1 | KW15: 57678.9 | KX15: 57680.3 | KY15: 57716.1 | KZ15: 57754.5 | LA15: 57791.6 | LB15: 57826.4 | LC15: 57860 | LD15: 57891.6 | LE15: 57892.7 | LF15: 57935.9 | LG15: 57978 | LH15: 58022.2 | LI15: 58061.2 | LJ15: 58097.4 | LK15: 58131.7 | LL15: 58132.7 | LM15: 58170.6 | LN15: 58212 | LO15: 58252.8 | LP15: 58295 | LQ15: 58342 | LR15: 58378.8 | LS15: 58380.3 | LT15: 58424.7 | LU15: 58466.8 | LV15: 58509.2 | LW15: 58549.1 | LX15: 58588.5 | LY15: 58633.4 | LZ15: 58634.7 | MA15: 58678.8 | MB15: 58718.8 | MC15: 58762.5 | MD15: 58805.1 | ME15: 58845.9 | MF15: 58887.3 | MG15: 58924.5 | MH15: 58962.8 | MI15: 59003.9 | MJ15: 59046 | MK15: 59092.9 | ML15: 59139.5 | MM15: 59187.1 | MN15: 59218.6 | MO15: 59264.2 | MP15: 59309.5 | MQ15: 59358.7 | MR15: 59402.5 | MS15: 59449 | MT15: 59492.3 | MU15: 59495.9 | MV15: 59542.8 | MW15: 59587.6 | MX15: 59637.4 | MY15: 59685.3 | MZ15: 59731.4 | NA15: 59743.6 | NB15: 59756.7 | NC15: 59798.7 | ND15: 59843.3 | NE15: 59874.6 | NF15: 59891.8 | NG15: 59941.6 | NH15: 59986.2 | NI15: 59987.7 | NJ15: 60038.2 | NK15: 60089.8 | NL15: 60140.9 | NM15: 60186.5 | NN15: 60238.2 | NO15: 60283.7 | NP15: 60288.8 | NQ15: 60334.9 | NR15: 60380.7 | NS15: 60425.8 | NT15: 60477.8 | NU15: 60531.1 | NV15: 60579.7 | NW15: 60586.1 | NX15: 60635.8 | NY15: 60681.5 | NZ15: 60728.1 | OA15: 60783.5 | OB15: 60837.4 | OC15: 60878.9 | OD15: 60880.4 | OE15: 60932.1 | OF15: 60985 | OG15: 61039.3 | OH15: 61089.6 | OI15: 61140.4 | OJ15: 61190 | OK15: 61191.6 | OL15: 61248.4 | OM15: 61302.7 | ON15: 61355.5 | OO15: 61408.4 | OP15: 61459.8 | OQ15: 61506.4 | OR15: 61507.7 | OS15: 61564.6 | OT15: 61623.4 | OU15: 61676.5 | OV15: 61729.8 | OW15: 61768 | OX15: 61789.3 | OY15: 61789.3 | OZ15: 61789.3 | PA15: 61789.3 | PB15: 61789.3 | PC15: 61789.3 | PD15: 61789.3 | PE15: 61789.3 | PF15: 61791 | PG15: 61832.3 | PH15: 61884.5 | PI15: 61938.3 | PJ15: 61992.9 | PK15: 62046.8 | PL15: 62098.1 | PM15: 62103.2 | PN15: 62157.3 | PO15: 62219.6 | PP15: 62269.6 | PQ15: 62322.1 | PR15: 62374.8 | PS15: 62422.8 | PT15: 62424.2 | PU15: 62478 | PV15: 62535.9 | PW15: 62596.3 | PX15: 62649.6 | PY15: 62705.4 | PZ15: 62758.3 | QA15: 62760.4 | QB15: 62813.1 | QC15: 62873.9 | QD15: 62925 | QE15: 62981.7 | QF15: 63034.5 | QG15: 63070.6 | QH15: 63072.2 | QI15: 63128.6 | QJ15: 63178.4 | QK15: 63229.6 | QL15: 63283.1 | QM15: 63332.7 | QN15: 63374.5 | QO15: 63407.1 | QP15: 63458.1 | QQ15: 63509.4 | QR15: 63563.3 | QS15: 63613.7 | QT15: 63665.2 | QU15: 63703.7 | QV15: 63716.6 | QW15: 63766.2 | QX15: 63816.4 | QY15: 63873.3 | QZ15: 63929.5 | RA15: 63980.5 | RB15: 64024.2 | RC15: 64026 | RD15: 64074.5 | RE15: 64124 | RF15: 64169.3 | RG15: 64218.4 | RH15: 64262.6 | RI15: 64275.1 | RJ15: 64276.4 | RK15: 64319.2 | RL15: 64370.2 | RM15: 64422.5 | RN15: 64479.3 | RO15: 64521.6 | RP15: 64562 | RQ15: 64562 | RR15: 64563.3 | RS15: 64612.1 | RT15: 64652.7 | RU15: 64652.7 | RV15: 64652.7 | RW15: 64652.7 | RX15: 64654.5 | RY15: 64700.6 | RZ15: 64749.5 | SA15: 64802.3 | SB15: 64848.3 | SC15: 64894.4 | SD15: 64938.3 | SE15: 64939.9 | SF15: 64985.3 | SG15: 65029.1 | SH15: 65074.1 | SI15: 65116.9 | SJ15: 65162.4 | SK15: 65169.2 | SL15: 65172.2 | SM15: 65211.6 | SN15: 65251.6 | SO15: 65290.4 | SP15: 65329.7 | SQ15: 65369.9 | SR15: 65405.8 | SS15: 65412.7 | ST15: 65452.8 | SU15: 65494.4 | SV15: 65539.8 | SW15: 65582.5 | SX15: 65624.2 | SY15: 65644.6 | SZ15: 65653 | TA15: 65711.2 | TB15: 65769 | TC15: 65826.3 | TD15: 65884.8 | TE15: 65942.7 | TF15: 65986.5 | TG15: 65993.8 | TH15: 66039.6 | TI15: 66079.5 | TJ15: 66122.4 | TK15: 66182.8 | TL15: 66218.5 | TM15: 66220.7 | TN15: 66222.7 | TO15: 66272.8
C16: F1PZ32 | D16: 15740.5 | E16: 15756.8 | F16: 15779.5 | G16: 15803.1 | H16: 15825.5 | I16: 15835.9 | J16: 15858.8 | K16: 15881.7 | L16: 15904.7 | M16: 15925.3 | N16: 15944.1 | O16: 15961.4 | P16: 15963.9 | Q16: 15992.4 | R16: 16014.9 | S16: 16038.9 | T16: 16062 | U16: 16084.2 | V16: 16102.6 | W16: 16112.5 | X16: 16134.1 | Y16: 16159.2 | Z16: 16182 | AA16: 16202.1 | AB16: 16222.1 | AC16: 16235.5 | AD16: 16243.7 | AE16: 16249.1 | AF16: 16249.1 | AG16: 16249.1 | AH16: 16249.1 | AI16: 16249.1 | AJ16: 16249.1 | AK16: 16254.1 | AL16: 16272.9 | AM16: 16292.2 | AN16: 16314.6 | AO16: 16337 | AP16: 16359.1 | AQ16: 16381.2 | AR16: 16399.7 | AS16: 16420.8 | AT16: 16442.2 | AU16: 16464 | AV16: 16483.8 | AW16: 16506 | AX16: 16526.6 | AY16: 16537.1 | AZ16: 16558.1 | BA16: 16580.9 | BB16: 16601.4 | BC16: 16624.4 | BD16: 16645.7 | BE16: 16664.3 | BF16: 16680.2 | BG16: 16701.5 | BH16: 16724.3 | BI16: 16746.1 | BJ16: 16768.1 | BK16: 16790.4 | BL16: 16807.8 | BM16: 16817.8 | BN16: 16839 | BO16: 16859.3 | BP16: 16880.3 | BQ16: 16900.6 | BR16: 16921.3 | BS16: 16939.1 | BT16: 16948.8 | BU16: 16969 | BV16: 16991.5 | BW16: 17011.2 | BX16: 17032.1 | BY16: 17052.9 | BZ16: 17068.4 | CA16: 17078 | CB16: 17099.6 | CC16: 17121.6 | CD16: 17143 | CE16: 17164 | CF16: 17183.8 | CG16: 17200.5 | CH16: 17210.2 | CI16: 17231.9 | CJ16: 17251.7 | CK16: 17272.7 | CL16: 17294.3 | CM16: 17316.7 | CN16: 17335.3 | CO16: 17345.5 | CP16: 17368 | CQ16: 17391.1 | CR16: 17415.9 | CS16: 17438.6 | CT16: 17459.8 | CU16: 17477.3 | CV16: 17485.2 | CW16: 17495.1 | CX16: 17519.6 | CY16: 17542.5 | CZ16: 17565.8 | DA16: 17586.4 | DB16: 17602.4 | DC16: 17611.7 | DD16: 17632.7 | DE16: 17654.2 | DF16: 17676.3 | DG16: 17697.5 | DH16: 17718.7 | DI16: 17735.7 | DJ16: 17744.9 | DK16: 17763.5 | DL16: 17783.2 | DM16: 17802.1 | DN16: 17822 | DO16: 17842.6 | DP16: 17858.3 | DQ16: 17867.6 | DR16: 17885.4 | DS16: 17902 | DT16: 17909.6 | DU16: 17918.7 | DV16: 17937.2 | DW16: 17951.7 | DX16: 17961.1 | DY16: 17988 | DZ16: 18006.1 | EA16: 18030.7 | EB16: 18034.1 | EC16: 18057.8 | ED16: 18072.8 | EE16: 18081.9 | EF16: 18100.3 | EG16: 18119 | EH16: 18138.3 | EI16: 18157.7 | EJ16: 18177.1 | EK16: 18192.7 | EL16: 18201.5 | EM16: 18220.9 | EN16: 18239.9 | EO16: 18258.9 | EP16: 18279 | EQ16: 18300.1 | ER16: 18310.1 | ES16: 18313.8 | ET16: 18334.3 | EU16: 18353 | EV16: 18374.6 | EW16: 18396.2 | EX16: 18415.7 | EY16: 18431.1 | EZ16: 18440.8 | FA16: 18465.6 | FB16: 18484.2 | FC16: 18507.6 | FD16: 18528.8 | FE16: 18558.5 | FF16: 18579.1 | FG16: 18588.7 | FH16: 18611.5 | FI16: 18636.9 | FJ16: 18659.7 | FK16: 18684.3 | FL16: 18700.7 | FM16: 18721.6 | FN16: 18730.9 | FO16: 18754.9 | FP16: 18776 | FQ16: 18799.7 | FR16: 18819.9 | FS16: 18843.6 | FT16: 18860.8 | FU16: 18870.5 | FV16: 18893 | FW16: 18918.6 | FX16: 18941 | FY16: 18962.5 | FZ16: 18980.3 | GA16: 18991.6 | GB16: 18998.4 | GC16: 19014.5 | GD16: 19036.2 | GE16: 19054.9 | GF16: 19072.9 | GG16: 19091.8 | GH16: 19107 | GI16: 19117.4 | GJ16: 19136.6 | GK16: 19155.1 | GL16: 19174.6 | GM16: 19192.7 | GN16: 19211.3 | GO16: 19225.6 | GP16: 19236.9 | GQ16: 19255.6 | GR16: 19273.3 | GS16: 19292 | GT16: 19312.7 | GU16: 19331.9 | GV16: 19346.2 | GW16: 19356.1 | GX16: 19371.4 | GY16: 19384.2 | GZ16: 19407.6 | HA16: 19427.1 | HB16: 19446.8 | HC16: 19462.4 | HD16: 19473.5 | HE16: 19495 | HF16: 19514.9 | HG16: 19536.2 | HH16: 19555.3 | HI16: 19574.8 | HJ16: 19592.1 | HK16: 19604 | HL16: 19624.9 | HM16: 19644.7 | HN16: 19662.8 | HO16: 19683.5 | HP16: 19702.3 | HQ16: 19716.9 | HR16: 19727 | HS16: 19748 | HT16: 19767.7 | HU16: 19788.6 | HV16: 19808.6 | HW16: 19826.3 | HX16: 19842.4 | HY16: 19854.2 | HZ16: 19875.7 | IA16: 19897.4 | IB16: 19919.3 | IC16: 19939.9 | ID16: 19959.4 | IE16: 19975.2 | IF16: 19985.9 | IG16: 20005.5 | IH16: 20026.5 | II16: 20046.5 | IJ16: 20065.5 | IK16: 20085.5 | IL16: 20098.6 | IM16: 20107.8 | IN16: 20116.6 | IO16: 20122.3 | IP16: 20143.4 | IQ16: 20165 | IR16: 20186.3 | IS16: 20203.1 | IT16: 20213.8 | IU16: 20233.5 | IV16: 20254.1 | IW16: 20276.4 | IX16: 20296.6 | IY16: 20316 | IZ16: 20332.4 | JA16: 20343 | JB16: 20362.5 | JC16: 20382.1 | JD16: 20401.8 | JE16: 20420.9 | JF16: 20441.9 | JG16: 20457.4 | JH16: 20467.4 | JI16: 20487 | JJ16: 20508 | JK16: 20527.9 | JL16: 20548.1 | JM16: 20568.2 | JN16: 20585.7 | JO16: 20596.2 | JP16: 20617.5 | JQ16: 20638.9 | JR16: 20658.8 | JS16: 20679.8 | JT16: 20697.8 | JU16: 20713.5 | JV16: 20723.3 | JW16: 20741.5 | JX16: 20760.7 | JY16: 20780.2 | JZ16: 20799.8 | KA16: 20817.5 | KB16: 20833.1 | KC16: 20843.1 | KD16: 20864 | KE16: 20883.6 | KF16: 20903.9 | KG16: 20922.9 | KH16: 20942 | KI16: 20958.4 | KJ16: 20971.5 | KK16: 20991.1 | KL16: 21010.4 | KM16: 21030.5 | KN16: 21051.4 | KO16: 21070.5 | KP16: 21086.5 | KQ16: 21096.9 | KR16: 21118.9 | KS16: 21139.8 | KT16: 21160.4 | KU16: 21179.2 | KV16: 21200 | KW16: 21217.1 | KX16: 21227.9 | KY16: 21248.1 | KZ16: 21268.8 | LA16: 21290.4 | LB16: 21311 | LC16: 21332.5 | LD16: 21347.5 | LE16: 21350.1 | LF16: 21374.5 | LG16: 21396.1 | LH16: 21416.4 | LI16: 21436.7 | LJ16: 21456 | LK16: 21471.9 | LL16: 21482.8 | LM16: 21502.7 | LN16: 21522.5 | LO16: 21543.5 | LP16: 21564.9 | LQ16: 21587.4 | LR16: 21604.8 | LS16: 21615.4 | LT16: 21636.9 | LU16: 21659.2 | LV16: 21682.4 | LW16: 21705.2 | LX16: 21727.7 | LY16: 21747.1 | LZ16: 21757.7 | MA16: 21782 | MB16: 21806.1 | MC16: 21830.5 | MD16: 21854.6 | ME16: 21877.7 | MF16: 21898.8 | MG16: 21917.2 | MH16: 21939.4 | MI16: 21960.5 | MJ16: 21982.4 | MK16: 22005 | ML16: 22027 | MM16: 22049.3 | MN16: 22065.6 | MO16: 22091.6 | MP16: 22116.7 | MQ16: 22141.1 | MR16: 22166 | MS16: 22189.2 | MT16: 22208.7 | MU16: 22220.2 | MV16: 22245.5 | MW16: 22269 | MX16: 22292.3 | MY16: 22314.2 | MZ16: 22334.2 | NA16: 22342.4 | NB16: 22353.1 | NC16: 22375.8 | ND16: 22392.7 | NE16: 22404.6 | NF16: 22416.9 | NG16: 22440.3 | NH16: 22460.8 | NI16: 22472 | NJ16: 22496.7 | NK16: 22522 | NL16: 22547.3 | NM16: 22573.1 | NN16: 22597.5 | NO16: 22616.5 | NP16: 22627.9 | NQ16: 22654.1 | NR16: 22678.8 | NS16: 22704.9 | NT16: 22731.3 | NU16: 22757.1 | NV16: 22777.6 | NW16: 22788.9 | NX16: 22813.2 | NY16: 22836.4 | NZ16: 22860.8 | OA16: 22887.3 | OB16: 22914.1 | OC16: 22932.6 | OD16: 22944 | OE16: 22971.2 | OF16: 22997.5 | OG16: 23023.3 | OH16: 23046.6 | OI16: 23072.8 | OJ16: 23092.8 | OK16: 23104 | OL16: 23128.4 | OM16: 23153.1 | ON16: 23179.9 | OO16: 23205.2 | OP16: 23231.2 | OQ16: 23249.4 | OR16: 23260.8 | OS16: 23285.7 | OT16: 23308.8 | OU16: 23332.3 | OV16: 23353.4 | OW16: 23371.8 | OX16: 23378.1 | OY16: 23378.1 | OZ16: 23378.1 | PA16: 23378.1 | PB16: 23378.1 | PC16: 23378.1 | PD16: 23378.1 | PE16: 23378.1 | PF16: 23381.1 | PG16: 23404.9 | PH16: 23427.3 | PI16: 23450.7 | PJ16: 23474.3 | PK16: 23497.2 | PL16: 23516.3 | PM16: 23527 | PN16: 23550.5 | PO16: 23573.6 | PP16: 23598.4 | PQ16: 23623.2 | PR16: 23647.8 | PS16: 23666.1 | PT16: 23677.3 | PU16: 23703.3 | PV16: 23727.4 | PW16: 23751.7 | PX16: 23776.4 | PY16: 23801.4 | PZ16: 23823.4 | QA16: 23834.6 | QB16: 23853.1 | QC16: 23882.9 | QD16: 23908.1 | QE16: 23931.8 | QF16: 23954.9 | QG16: 23967.8 | QH16: 23978.9 | QI16: 24003.3 | QJ16: 24027.6 | QK16: 24051.8 | QL16: 24074.7 | QM16: 24096.5 | QN16: 24115.8 | QO16: 24126.4 | QP16: 24149.7 | QQ16: 24172.2 | QR16: 24195.9 | QS16: 24219.9 | QT16: 24243.5 | QU16: 24258.3 | QV16: 24270.5 | QW16: 24293.7 | QX16: 24317.3 | QY16: 24342.9 | QZ16: 24367.5 | RA16: 24389.5 | RB16: 24408.1 | RC16: 24423.4 | RD16: 24447.4 | RE16: 24470.9 | RF16: 24495.2 | RG16: 24519.3 | RH16: 24540.4 | RI16: 24550.9 | RJ16: 24562.7 | RK16: 24588.5 | RL16: 24613.2 | RM16: 24638.5 | RN16: 24664.1 | RO16: 24688.6 | RP16: 24708.3 | RQ16: 24719.1 | RR16: 24729.9 | RS16: 24753.1 | RT16: 24771.4 | RU16: 24779.9 | RV16: 24789.3 | RW16: 24798.4 | RX16: 24810.6 | RY16: 24834.1 | RZ16: 24857.6 | SA16: 24881.6 | SB16: 24904.4 | SC16: 24927.1 | SD16: 24945.7 | SE16: 24957.4 | SF16: 24980.1 | SG16: 25002.8 | SH16: 25026.2 | SI16: 25046.9 | SJ16: 25067.5 | SK16: 25075.7 | SL16: 25086.1 | SM16: 25107.9 | SN16: 25128.6 | SO16: 25148.6 | SP16: 25168 | SQ16: 25186.9 | SR16: 25204.2 | SS16: 25214.3 | ST16: 25235.1 | SU16: 25254.8 | SV16: 25273.6 | SW16: 25292.8 | SX16: 25309.6 | SY16: 25318.2 | SZ16: 25328.4 | TA16: 25349.2 | TB16: 25368.5 | TC16: 25388.5 | TD16: 25407.2 | TE16: 25427.2 | TF16: 25441.8 | TG16: 25452.4 | TH16: 25472.5 | TI16: 25491.6 | TJ16: 25510.9 | TK16: 25530.9 | TL16: 25547.1 | TM16: 25555.1 | TN16: 25565.3 | TO16: 25583.9
A17: F2-1F照明插座 | C17: F2L11 | D17: 168284.6 | E17: 168380.7 | F17: 168512.9 | G17: 168631.9 | H17: 168714.2 | I17: 168733.4 | J17: 168842.1 | K17: 168960.8 | L17: 169080.3 | M17: 169205.9 | N17: 169297.4 | O17: 169432.5 | P17: 169493.6 | Q17: 169601.2 | R17: 169724.2 | S17: 169838.7 | T17: 169976.4 | U17: 170110.4 | V17: 170206.7 | W17: 170271.8 | X17: 170388.9 | Y17: 170510.3 | Z17: 170634.3 | AA17: 170753.6 | AB17: 170863.3 | AC17: 170949.1 | AD17: 170990.7 | AE17: 171049.2 | AF17: 171053.4 | AG17: 171059.1 | AH17: 171109.3 | AI17: 171161.1 | AJ17: 171214.5 | AK17: 171257.7 | AL17: 171362.3 | AM17: 171470.4 | AN17: 171582.2 | AO17: 171697.2 | AP17: 171803.1 | AQ17: 171893.8 | AR17: 171944 | AS17: 172063.1 | AT17: 172179.4 | AU17: 172305.4 | AV17: 172425.8 | AW17: 172527.7 | AX17: 172617.2 | AY17: 172629.8 | AZ17: 172742.8 | BA17: 172860.3 | BB17: 172979.7 | BC17: 173111.6 | BD17: 173217.4 | BE17: 173301.6 | BF17: 173359.6 | BG17: 173490.1 | BH17: 173614.4 | BI17: 173738.8 | BJ17: 173870.2 | BK17: 173971.4 | BL17: 174051.7 | BM17: 174086.5 | BN17: 174206.5 | BO17: 174329.5 | BP17: 174448.5 | BQ17: 174582.3 | BR17: 174707.1 | BS17: 174819.4 | BT17: 174830.5 | BU17: 174944 | BV17: 175059.6 | BW17: 175176.1 | BX17: 175308.6 | BY17: 175436.4 | BZ17: 175533.9 | CA17: 175545.2 | CB17: 175658.9 | CC17: 175772.5 | CD17: 175901 | CE17: 176026.9 | CF17: 176140.1 | CG17: 176229.5 | CH17: 176281.2 | CI17: 176438.1 | CJ17: 176593.4 | CK17: 176752.4 | CL17: 176908.3 | CM17: 177037.1 | CN17: 177157 | CO17: 177211.4 | CP17: 177369.4 | CQ17: 177520.7 | CR17: 177675.5 | CS17: 177830 | CT17: 177981.3 | CU17: 178097.7 | CV17: 178151.5 | CW17: 178221.3 | CX17: 178363 | CY17: 178507.3 | CZ17: 178655.7 | DA17: 178773.2 | DB17: 178872.4 | DC17: 178887.2 | DD17: 179019.1 | DE17: 179166.4 | DF17: 179304 | DG17: 179457.8 | DH17: 179603.9 | DI17: 179742.7 | DJ17: 179805.2 | DK17: 179950.8 | DL17: 180119.7 | DM17: 180282.1 | DN17: 180446.6 | DO17: 180641.7 | DP17: 180795.8 | DQ17: 180932.1 | DR17: 181082.6 | DS17: 181249.9 | DT17: 181379.5 | DU17: 181468.1 | DV17: 181639 | DW17: 181800 | DX17: 181908.7 | DY17: 182068.6 | DZ17: 182228.2 | EA17: 182402.3 | EB17: 182463.2 | EC17: 182638.2 | ED17: 182801.4 | EE17: 182915 | EF17: 183082.1 | EG17: 183235.7 | EH17: 183403.7 | EI17: 183565.8 | EJ17: 183716.9 | EK17: 183895.7 | EL17: 184037.7 | EM17: 184253 | EN17: 184466.3 | EO17: 184680.1 | EP17: 184901.4 | EQ17: 185115 | ER17: 185288.7 | ES17: 185302.4 | ET17: 185503.7 | EU17: 185713.5 | EV17: 185946.7 | EW17: 186175.3 | EX17: 186414.4 | EY17: 186634.8 | EZ17: 186800 | FA17: 186985.8 | FB17: 187202.3 | FC17: 187408 | FD17: 187638.2 | FE17: 187873.9 | FF17: 188091.1 | FG17: 188306.4 | FH17: 188536.7 | FI17: 188726.2 | FJ17: 188970.4 | FK17: 189194.9 | FL17: 189410 | FM17: 189614.9 | FN17: 189756.8 | FO17: 189978.7 | FP17: 190192 | FQ17: 190411.8 | FR17: 190589.7 | FS17: 190798.8 | FT17: 190997.3 | FU17: 191185.6 | FV17: 191399.4 | FW17: 191605.6 | FX17: 191815.6 | FY17: 192027.4 | FZ17: 192222.9 | GA17: 192410.1 | GB17: 192459.9 | GC17: 192637.6 | GD17: 192807 | GE17: 192991.9 | GF17: 193187.9 | GG17: 193398.7 | GH17: 193581.9 | GI17: 193714.8 | GJ17: 193882.7 | GK17: 194058 | GL17: 194237.8 | GM17: 194410.4 | GN17: 194593.3 | GO17: 194739.4 | GP17: 194804.3 | GQ17: 194969.4 | GR17: 195165.5 | GS17: 195369.2 | GT17: 195565.7 | GU17: 195751.3 | GV17: 195908.2 | GW17: 195935.7 | GX17: 196090.5 | GY17: 196189.9 | GZ17: 196370.8 | HA17: 196563.5 | HB17: 196747.8 | HC17: 196912.4 | HD17: 196994.2 | HE17: 197175.5 | HF17: 197375.1 | HG17: 197569 | HH17: 197753 | HI17: 197940.7 | HJ17: 198119.1 | HK17: 198178.7 | HL17: 198383 | HM17: 198576.3 | HN17: 198756.5 | HO17: 198932.4 | HP17: 199113.2 | HQ17: 199294.3 | HR17: 199338.4 | HS17: 199511 | HT17: 199691.7 | HU17: 199879.4 | HV17: 200067.8 | HW17: 200269 | HX17: 200426.3 | HY17: 200507.9 | HZ17: 200658.3 | IA17: 200801.1 | IB17: 200956.4 | IC17: 201120.8 | ID17: 201292.2 | IE17: 201448.6 | IF17: 201491.1 | IG17: 201658 | IH17: 201825.4 | II17: 201986.3 | IJ17: 202152.3 | IK17: 202322.2 | IL17: 202483.8 | IM17: 202565 | IN17: 202629.5 | IO17: 202649.4 | IP17: 202806.1 | IQ17: 202973.4 | IR17: 203144.4 | IS17: 203312.2 | IT17: 203454.7 | IU17: 203624 | IV17: 203791 | IW17: 203951.6 | IX17: 204125.8 | IY17: 204293.7 | IZ17: 204450.1 | JA17: 204580.2 | JB17: 204741.1 | JC17: 204895.1 | JD17: 205055.7 | JE17: 205214.5 | JF17: 205388.3 | JG17: 205558.6 | JH17: 205631.5 | JI17: 205785 | JJ17: 205948.3 | JK17: 206101.8 | JL17: 206258.7 | JM17: 206414.6 | JN17: 206567.4 | JO17: 206590.4 | JP17: 206752.7 | JQ17: 206914.3 | JR17: 207087.1 | JS17: 207258.6 | JT17: 207439.1 | JU17: 207603.1 | JV17: 207649.9 | JW17: 207813.8 | JX17: 207986.4 | JY17: 208153.6 | JZ17: 208317.3 | KA17: 208477.6 | KB17: 208633.7 | KC17: 208662 | KD17: 208834.4 | KE17: 208993.5 | KF17: 209162.9 | KG17: 209328.2 | KH17: 209513.2 | KI17: 209686.5 | KJ17: 209730.1 | KK17: 209898.9 | KL17: 210064.2 | KM17: 210222.7 | KN17: 210383.9 | KO17: 210577.5 | KP17: 210730.8 | KQ17: 210774.6 | KR17: 210937.4 | KS17: 211091.3 | KT17: 211259.5 | KU17: 211411.7 | KV17: 211561.5 | KW17: 211697.9 | KX17: 211735.7 | KY17: 211870.7 | KZ17: 212000.3 | LA17: 212140.7 | LB17: 212273.4 | LC17: 212404.9 | LD17: 212532.2 | LE17: 212546.1 | LF17: 212692.5 | LG17: 212832.1 | LH17: 212974.1 | LI17: 213106.5 | LJ17: 213228.7 | LK17: 213353.2 | LL17: 213383.7 | LM17: 213513.7 | LN17: 213640.3 | LO17: 213759.3 | LP17: 213885.9 | LQ17: 214029.6 | LR17: 214175.4 | LS17: 214288.7 | LT17: 214448.9 | LU17: 214592.6 | LV17: 214737.5 | LW17: 214873.4 | LX17: 215012.1 | LY17: 215153.2 | LZ17: 215177 | MA17: 215320.2 | MB17: 215465 | MC17: 215615.5 | MD17: 215757.9 | ME17: 215903.5 | MF17: 216036.4 | MG17: 216069 | MH17: 216222.9 | MI17: 216366.7 | MJ17: 216528 | MK17: 216671.2 | ML17: 216815.9 | MM17: 216954.8 | MN17: 217065.6 | MO17: 217200.9 | MP17: 217339 | MQ17: 217471.1 | MR17: 217622.5 | MS17: 217766 | MT17: 217902.9 | MU17: 217939.7 | MV17: 218089.7 | MW17: 218231.3 | MX17: 218372.5 | MY17: 218504.3 | MZ17: 218634.6 | NA17: 218762.3 | NB17: 218790.8 | NC17: 218893.5 | ND17: 218987.9 | NE17: 219065.8 | NF17: 219115.2 | NG17: 219236.9 | NH17: 219362.3 | NI17: 219383.4 | NJ17: 219514.4 | NK17: 219639 | NL17: 219774.6 | NM17: 219916.5 | NN17: 220041.9 | NO17: 220101.2 | NP17: 220126.9 | NQ17: 220257.5 | NR17: 220391 | NS17: 220514.8 | NT17: 220640.3 | NU17: 220758.1 | NV17: 220867.6 | NW17: 220891 | NX17: 221011.8 | NY17: 221141.2 | NZ17: 221265 | OA17: 221386.7 | OB17: 221486.7 | OC17: 221507.1 | OD17: 221531.4 | OE17: 221656.6 | OF17: 221790.4 | OG17: 221919.7 | OH17: 222050.7 | OI17: 222174.3 | OJ17: 222289.8 | OK17: 222315.9 | OL17: 222471.4 | OM17: 222615.4 | ON17: 222755.3 | OO17: 222905.9 | OP17: 223055.6 | OQ17: 223108 | OR17: 223131.1 | OS17: 223215.6 | OT17: 223306.2 | OU17: 223397 | OV17: 223494.3 | OW17: 223579.5 | OX17: 223623.1 | OY17: 223639.1 | OZ17: 223655.3 | PA17: 223671.5 | PB17: 223686 | PC17: 223701.1 | PD17: 223716.7 | PE17: 223732.7 | PF17: 223749.2 | PG17: 223833.8 | PH17: 223922.9 | PI17: 224073.1 | PJ17: 224212.9 | PK17: 224347.4 | PL17: 224482.6 | PM17: 224534 | PN17: 224676.7 | PO17: 224805.8 | PP17: 224933.6 | PQ17: 225056.3 | PR17: 225176.8 | PS17: 225243.7 | PT17: 225275.6 | PU17: 225410.7 | PV17: 225536 | PW17: 225661.8 | PX17: 225804.4 | PY17: 225936.5 | PZ17: 226067.5 | QA17: 226099.3 | QB17: 226235.5 | QC17: 226360 | QD17: 226491.7 | QE17: 226624 | QF17: 226776.7 | QG17: 226833.7 | QH17: 226868.4 | QI17: 227008.8 | QJ17: 227156 | QK17: 227307 | QL17: 227494.8 | QM17: 227671.2 | QN17: 227823.9 | QO17: 227858.7 | QP17: 228015.1 | QQ17: 228191.9 | QR17: 228364 | QS17: 228522.7 | QT17: 228678.1 | QU17: 228745.6 | QV17: 228776.9 | QW17: 228952.1 | QX17: 229112.7 | QY17: 229292 | QZ17: 229462.9 | RA17: 229630.8 | RB17: 229784.4 | RC17: 229829 | RD17: 230007.9 | RE17: 230176.1 | RF17: 230350.4 | RG17: 230526.2 | RH17: 230701.2 | RI17: 230853.7 | RJ17: 230888.2 | RK17: 231056.7 | RL17: 231216.2 | RM17: 231370 | RN17: 231520.2 | RO17: 231672.4 | RP17: 231838.1 | RQ17: 231965.7 | RR17: 232099.9 | RS17: 232267.7 | RT17: 232436.8 | RU17: 232558.5 | RV17: 232588.7 | RW17: 232717.6 | RX17: 232855.1 | RY17: 233013.1 | RZ17: 233184.6 | SA17: 233341.7 | SB17: 233507.1 | SC17: 233664.9 | SD17: 233818.9 | SE17: 233875.9 | SF17: 234050.1 | SG17: 234230.2 | SH17: 234395.4 | SI17: 234568.8 | SJ17: 234742.7 | SK17: 234834.5 | SL17: 234869.5 | SM17: 235049.6 | SN17: 235219.3 | SO17: 235405 | SP17: 235607.5 | SQ17: 235795.8 | SR17: 235982.8 | SS17: 236032.1 | ST17: 236216.6 | SU17: 236421.6 | SV17: 236617.1 | SW17: 236811.9 | SX17: 236996 | SY17: 237162.1 | SZ17: 237207.2 | TA17: 237393 | TB17: 237577.4 | TC17: 237765.5 | TD17: 237947.5 | TE17: 238138.9 | TF17: 238329.6 | TG17: 238407.5 | TH17: 238587.4 | TI17: 238758.8 | TJ17: 238917.5 | TK17: 239100.6 | TL17: 239265.2 | TM17: 239402.3 | TN17: 239475.5 | TO17: 239664.1
C18: F2L12 | D18: 184205 | E18: 184336.6 | F18: 184537.2 | G18: 184727.8 | H18: 184911.4 | I18: 184984.5 | J18: 185176.4 | K18: 185391.5 | L18: 185610.2 | M18: 185823.5 | N18: 186005.6 | O18: 186172.8 | P18: 186225.6 | Q18: 186428.8 | R18: 186619.2 | S18: 186813.1 | T18: 187014.3 | U18: 187218.7 | V18: 187406.1 | W18: 187566 | X18: 187763.3 | Y18: 187949.5 | Z18: 188152.1 | AA18: 188349.9 | AB18: 188554.2 | AC18: 188732.6 | AD18: 188789.4 | AE18: 188862.4 | AF18: 188888.2 | AG18: 188913.8 | AH18: 188939.6 | AI18: 188965.5 | AJ18: 188991.5 | AK18: 189091 | AL18: 189282.6 | AM18: 189474.2 | AN18: 189671 | AO18: 189867.3 | AP18: 190056.2 | AQ18: 190263.6 | AR18: 190431.5 | AS18: 190629.3 | AT18: 190824.1 | AU18: 191017 | AV18: 191215.9 | AW18: 191411.4 | AX18: 191604.1 | AY18: 191685.2 | AZ18: 191876.7 | BA18: 192065.7 | BB18: 192263.2 | BC18: 192464.5 | BD18: 192652.8 | BE18: 192845.1 | BF18: 192988.1 | BG18: 193190.6 | BH18: 193393.9 | BI18: 193582.5 | BJ18: 193788.6 | BK18: 193990 | BL18: 194183 | BM18: 194361.8 | BN18: 194563.2 | BO18: 194772.9 | BP18: 194970.8 | BQ18: 195173.3 | BR18: 195382.7 | BS18: 195591 | BT18: 195697.1 | BU18: 195896.4 | BV18: 196106.9 | BW18: 196301.2 | BX18: 196503.5 | BY18: 196698.9 | BZ18: 196900 | CA18: 197088.3 | CB18: 197285.4 | CC18: 197494.3 | CD18: 197694.8 | CE18: 197903.8 | CF18: 198108.9 | CG18: 198321.3 | CH18: 198517.7 | CI18: 198724.8 | CJ18: 198938.2 | CK18: 199151.6 | CL18: 199368.8 | CM18: 199581.4 | CN18: 199792.4 | CO18: 199967.8 | CP18: 200183.4 | CQ18: 200393.8 | CR18: 200605.6 | CS18: 200822 | CT18: 201034.7 | CU18: 201246 | CV18: 201459.6 | CW18: 201676.1 | CX18: 201894.9 | CY18: 202110.3 | CZ18: 202328.5 | DA18: 202548.9 | DB18: 202757.7 | DC18: 202899.2 | DD18: 203115.8 | DE18: 203332.8 | DF18: 203551.3 | DG18: 203767.9 | DH18: 203990 | DI18: 204203.6 | DJ18: 204415.6 | DK18: 204631.7 | DL18: 204847.6 | DM18: 205063.2 | DN18: 205280.2 | DO18: 205493.6 | DP18: 205703.7 | DQ18: 205913.9 | DR18: 206130.5 | DS18: 206343.5 | DT18: 206555.9 | DU18: 206765.1 | DV18: 206976 | DW18: 207186.3 | DX18: 207390.9 | DY18: 207592.7 | DZ18: 207801.1 | EA18: 207995.9 | EB18: 208126.8 | EC18: 208332.4 | ED18: 208541.2 | EE18: 208698.6 | EF18: 208913.5 | EG18: 209126.1 | EH18: 209342.1 | EI18: 209555.1 | EJ18: 209767 | EK18: 209984.6 | EL18: 210196.9 | EM18: 210409.7 | EN18: 210626.3 | EO18: 210841.5 | EP18: 211056.6 | EQ18: 211274.3 | ER18: 211465.4 | ES18: 211548.4 | ET18: 211761.6 | EU18: 211976 | EV18: 212186.4 | EW18: 212398.5 | EX18: 212607.5 | EY18: 212817 | EZ18: 213003 | FA18: 213201.1 | FB18: 213417.7 | FC18: 213630.8 | FD18: 213845.1 | FE18: 214061 | FF18: 214272.7 | FG18: 214480.7 | FH18: 214689.2 | FI18: 214904.9 | FJ18: 215119.5 | FK18: 215326.3 | FL18: 215533.5 | FM18: 215744.2 | FN18: 215961 | FO18: 216183 | FP18: 216392.8 | FQ18: 216597.9 | FR18: 216814.2 | FS18: 217024.6 | FT18: 217232.9 | FU18: 217440.2 | FV18: 217650.3 | FW18: 217857.1 | FX18: 218070.6 | FY18: 218277.7 | FZ18: 218483.4 | GA18: 218697.5 | GB18: 218896.5 | GC18: 219108.3 | GD18: 219322.6 | GE18: 219528.7 | GF18: 219738.8 | GG18: 219948.5 | GH18: 220157.5 | GI18: 220321.6 | GJ18: 220530.1 | GK18: 220740.7 | GL18: 220952.6 | GM18: 221165 | GN18: 221374.8 | GO18: 221581.4 | GP18: 221781.5 | GQ18: 221990.7 | GR18: 222198.5 | GS18: 222410.3 | GT18: 222617.2 | GU18: 222822.4 | GV18: 223025.1 | GW18: 223178.6 | GX18: 223370.3 | GY18: 223515.8 | GZ18: 223725.8 | HA18: 223929.8 | HB18: 224136.9 | HC18: 224342 | HD18: 224549.5 | HE18: 224755.4 | HF18: 224965.1 | HG18: 225181.7 | HH18: 225387.8 | HI18: 225588 | HJ18: 225805.5 | HK18: 226008.5 | HL18: 226223.6 | HM18: 226436.5 | HN18: 226647.1 | HO18: 226855 | HP18: 227064.7 | HQ18: 227273.3 | HR18: 227485.9 | HS18: 227701.7 | HT18: 227914.7 | HU18: 228132.1 | HV18: 228345.1 | HW18: 228559.2 | HX18: 228767.9 | HY18: 228974 | HZ18: 229190.9 | IA18: 229398.5 | IB18: 229606.8 | IC18: 229814.9 | ID18: 230021.9 | IE18: 230229.6 | IF18: 230433.8 | IG18: 230642 | IH18: 230856.8 | II18: 231071 | IJ18: 231281.2 | IK18: 231488.3 | IL18: 231674 | IM18: 231830.4 | IN18: 231981.3 | IO18: 232117.8 | IP18: 232332 | IQ18: 232538.3 | IR18: 232752.7 | IS18: 232970.1 | IT18: 233173.2 | IU18: 233384.7 | IV18: 233594.2 | IW18: 233803.6 | IX18: 234021.5 | IY18: 234235.7 | IZ18: 234445.2 | JA18: 234646.7 | JB18: 234862 | JC18: 235072.9 | JD18: 235292.2 | JE18: 235507.3 | JF18: 235720.7 | JG18: 235934 | JH18: 236135.1 | JI18: 236356.1 | JJ18: 236567.9 | JK18: 236789.4 | JL18: 237006 | JM18: 237220.2 | JN18: 237437.3 | JO18: 237648.1 | JP18: 237863.8 | JQ18: 238093.5 | JR18: 238323.6 | JS18: 238555.5 | JT18: 238784.5 | JU18: 239017.6 | JV18: 239234.3 | JW18: 239466.5 | JX18: 239693.8 | JY18: 239922 | JZ18: 240151.7 | KA18: 240382.2 | KB18: 240609.4 | KC18: 240774.5 | KD18: 241003 | KE18: 241233.9 | KF18: 241462.8 | KG18: 241689.6 | KH18: 241921.5 | KI18: 242146.4 | KJ18: 242340.8 | KK18: 242571.1 | KL18: 242796.8 | KM18: 243021.1 | KN18: 243249.7 | KO18: 243478.7 | KP18: 243702.4 | KQ18: 243891.8 | KR18: 244118.9 | KS18: 244344.4 | KT18: 244572 | KU18: 244800.1 | KV18: 245033.1 | KW18: 245265.9 | KX18: 245478.3 | KY18: 245712.4 | KZ18: 245943.2 | LA18: 246170.3 | LB18: 246398.1 | LC18: 246629.6 | LD18: 246830.7 | LE18: 246893.8 | LF18: 247125 | LG18: 247355.8 | LH18: 247576.8 | LI18: 247804.5 | LJ18: 248035.9 | LK18: 248261.7 | LL18: 248415.6 | LM18: 248649.1 | LN18: 248883.1 | LO18: 249116.5 | LP18: 249345.7 | LQ18: 249575.7 | LR18: 249798.1 | LS18: 250000.7 | LT18: 250229.8 | LU18: 250459.7 | LV18: 250690.2 | LW18: 250919 | LX18: 251155.3 | LY18: 251389.1 | LZ18: 251555.6 | MA18: 251790.3 | MB18: 252024.1 | MC18: 252258.3 | MD18: 252494.4 | ME18: 252728.4 | MF18: 252951.9 | MG18: 253152.9 | MH18: 253381.8 | MI18: 253604.9 | MJ18: 253832.9 | MK18: 254060.3 | ML18: 254282.2 | MM18: 254501.9 | MN18: 254698.2 | MO18: 254907.5 | MP18: 255130.7 | MQ18: 255349.6 | MR18: 255576 | MS18: 255805.7 | MT18: 256024.6 | MU18: 256153.3 | MV18: 256375.7 | MW18: 256604.2 | MX18: 256821.6 | MY18: 257040.2 | MZ18: 257257.1 | NA18: 257452 | NB18: 257554 | NC18: 257760.8 | ND18: 257965 | NE18: 258148.7 | NF18: 258263.3 | NG18: 258485.5 | NH18: 258711.3 | NI18: 258920.9 | NJ18: 259150.2 | NK18: 259371.5 | NL18: 259595 | NM18: 259816.6 | NN18: 260034.1 | NO18: 260197.9 | NP18: 260295.4 | NQ18: 260515.2 | NR18: 260731.5 | NS18: 260948.8 | NT18: 261169.4 | NU18: 261398.1 | NV18: 261622.1 | NW18: 261707.2 | NX18: 261932.1 | NY18: 262157.1 | NZ18: 262380.9 | OA18: 262605.1 | OB18: 262836.6 | OC18: 263025.3 | OD18: 263239.6 | OE18: 263467.1 | OF18: 263696.8 | OG18: 263923.9 | OH18: 264149.7 | OI18: 264379.6 | OJ18: 264606.7 | OK18: 264696 | OL18: 264926.4 | OM18: 265151.1 | ON18: 265378.9 | OO18: 265604.2 | OP18: 265839.3 | OQ18: 265968.3 | OR18: 266058.8 | OS18: 266278.8 | OT18: 266506 | OU18: 266731.1 | OV18: 266947.9 | OW18: 267168 | OX18: 267278.8 | OY18: 267302.2 | OZ18: 267325.4 | PA18: 267348.7 | PB18: 267372 | PC18: 267395.2 | PD18: 267418.5 | PE18: 267441.8 | PF18: 267524.1 | PG18: 267747.9 | PH18: 267958.6 | PI18: 268183.1 | PJ18: 268409.7 | PK18: 268632.7 | PL18: 268850.5 | PM18: 268957.4 | PN18: 269183.8 | PO18: 269411.3 | PP18: 269640.4 | PQ18: 269864.5 | PR18: 270090.9 | PS18: 270283.4 | PT18: 270412 | PU18: 270642.4 | PV18: 270871 | PW18: 271101.9 | PX18: 271331.7 | PY18: 271556.3 | PZ18: 271783.3 | QA18: 271875.6 | QB18: 272087.8 | QC18: 272309 | QD18: 272526.8 | QE18: 272737.7 | QF18: 272947.6 | QG18: 273134.6 | QH18: 273213.9 | QI18: 273442.1 | QJ18: 273663.6 | QK18: 273883.9 | QL18: 274103.9 | QM18: 274332.7 | QN18: 274563.6 | QO18: 274661.1 | QP18: 274890 | QQ18: 275106.3 | QR18: 275324 | QS18: 275540 | QT18: 275766.5 | QU18: 275957 | QV18: 276124.4 | QW18: 276352.1 | QX18: 276571.1 | QY18: 276788 | QZ18: 277005.8 | RA18: 277220.2 | RB18: 277424.5 | RC18: 277535.8 | RD18: 277754 | RE18: 277969.4 | RF18: 278185.8 | RG18: 278405.5 | RH18: 278621.2 | RI18: 278711.6 | RJ18: 278829.3 | RK18: 279050.1 | RL18: 279276.6 | RM18: 279500.1 | RN18: 279724.5 | RO18: 279944.4 | RP18: 280158.2 | RQ18: 280371 | RR18: 280574.3 | RS18: 280793.9 | RT18: 281005.2 | RU18: 281064.8 | RV18: 281126.1 | RW18: 281302 | RX18: 281487.9 | RY18: 281702.5 | RZ18: 281924.8 | SA18: 282142.5 | SB18: 282360 | SC18: 282582.2 | SD18: 282799.4 | SE18: 282985.9 | SF18: 283209 | SG18: 283434.1 | SH18: 283657.6 | SI18: 283876.1 | SJ18: 284098.3 | SK18: 284285.1 | SL18: 284414.3 | SM18: 284636.8 | SN18: 284852.7 | SO18: 285069.2 | SP18: 285289.7 | SQ18: 285509.5 | SR18: 285726.1 | SS18: 285843.7 | ST18: 286064.7 | SU18: 286285 | SV18: 286504.4 | SW18: 286727.1 | SX18: 286942 | SY18: 287135 | SZ18: 287234 | TA18: 287451.7 | TB18: 287671.8 | TC18: 287890.7 | TD18: 288110.4 | TE18: 288325.6 | TF18: 288535.5 | TG18: 288678.3 | TH18: 288909.9 | TI18: 289137.7 | TJ18: 289372.7 | TK18: 289604 | TL18: 289832.8 | TM18: 290051.2 | TN18: 290245.7 | TO18: 290474.4
C19: F2EL11 | D19: 68693.3 | E19: 68712.8 | F19: 68747.3 | G19: 68782 | H19: 68815.5 | I19: 68827.9 | J19: 68893.4 | K19: 68947.1 | L19: 68997.8 | M19: 69054.9 | N19: 69102.7 | O19: 69145.2 | P19: 69175.5 | Q19: 69229 | R19: 69307.5 | S19: 69376.7 | T19: 69439.7 | U19: 69491.8 | V19: 69530.2 | W19: 69542.2 | X19: 69576 | Y19: 69610.1 | Z19: 69644.3 | AA19: 69680.4 | AB19: 69719.7 | AC19: 69746.5 | AD19: 69756.3 | AE19: 69767.6 | AF19: 69777.5 | AG19: 69787.3 | AH19: 69797.2 | AI19: 69808.3 | AJ19: 69818.8 | AK19: 69834.1 | AL19: 69880.1 | AM19: 69919.8 | AN19: 69954.3 | AO19: 69990.6 | AP19: 70036.1 | AQ19: 70065.2 | AR19: 70078.3 | AS19: 70136.1 | AT19: 70188.1 | AU19: 70240.3 | AV19: 70286.3 | AW19: 70329.2 | AX19: 70365 | AY19: 70377.6 | AZ19: 70431.2 | BA19: 70477.7 | BB19: 70523.5 | BC19: 70569.7 | BD19: 70606.1 | BE19: 70643.9 | BF19: 70657.2 | BG19: 70721.9 | BH19: 70785.5 | BI19: 70837.4 | BJ19: 70899.8 | BK19: 70938.2 | BL19: 70981.6 | BM19: 70994 | BN19: 71054.3 | BO19: 71095.4 | BP19: 71136 | BQ19: 71183.5 | BR19: 71233 | BS19: 71277.3 | BT19: 71292.2 | BU19: 71352.1 | BV19: 71403.8 | BW19: 71449.7 | BX19: 71499 | BY19: 71539 | BZ19: 71581 | CA19: 71602.9 | CB19: 71654 | CC19: 71701 | CD19: 71749.4 | CE19: 71801.6 | CF19: 71846.1 | CG19: 71889.4 | CH19: 71903.8 | CI19: 71983.4 | CJ19: 72051 | CK19: 72104.2 | CL19: 72149.7 | CM19: 72190.7 | CN19: 72238.1 | CO19: 72252.8 | CP19: 72325.1 | CQ19: 72389.2 | CR19: 72440 | CS19: 72480.6 | CT19: 72514.6 | CU19: 72559 | CV19: 72570.9 | CW19: 72584.2 | CX19: 72633.7 | CY19: 72684.8 | CZ19: 72722.4 | DA19: 72767.4 | DB19: 72799 | DC19: 72814.4 | DD19: 72861.8 | DE19: 72901.5 | DF19: 72944.8 | DG19: 72982.7 | DH19: 73015.4 | DI19: 73048.4 | DJ19: 73064.6 | DK19: 73119.3 | DL19: 73155.1 | DM19: 73192.6 | DN19: 73229.8 | DO19: 73261.6 | DP19: 73290.3 | DQ19: 73305.1 | DR19: 73334.9 | DS19: 73370.9 | DT19: 73383.6 | DU19: 73396.7 | DV19: 73421.6 | DW19: 73446.4 | DX19: 73460 | DY19: 73496.9 | DZ19: 73536.9 | EA19: 73576.2 | EB19: 73598.3 | EC19: 73633.1 | ED19: 73661.6 | EE19: 73696 | EF19: 73733.4 | EG19: 73773.7 | EH19: 73819.4 | EI19: 73858.6 | EJ19: 73908.2 | EK19: 73960.2 | EL19: 73992.4 | EM19: 74033.5 | EN19: 74081.3 | EO19: 74123.9 | EP19: 74168.5 | EQ19: 74215.6 | ER19: 74279.4 | ES19: 74284.5 | ET19: 74342.7 | EU19: 74419.7 | EV19: 74482.3 | EW19: 74554.9 | EX19: 74633.1 | EY19: 74707 | EZ19: 74731.8 | FA19: 74791.1 | FB19: 74850.1 | FC19: 74908.4 | FD19: 74981.3 | FE19: 75043.5 | FF19: 75107.1 | FG19: 75143.8 | FH19: 75209.1 | FI19: 75275.6 | FJ19: 75333.2 | FK19: 75410.2 | FL19: 75478.1 | FM19: 75541.7 | FN19: 75588.4 | FO19: 75652.9 | FP19: 75720.3 | FQ19: 75784 | FR19: 75835.3 | FS19: 75896.5 | FT19: 75966.9 | FU19: 75991.9 | FV19: 76059.4 | FW19: 76123.6 | FX19: 76182.4 | FY19: 76252 | FZ19: 76321.5 | GA19: 76380.8 | GB19: 76394.3 | GC19: 76445.9 | GD19: 76502.8 | GE19: 76560.8 | GF19: 76625.7 | GG19: 76681.5 | GH19: 76736.9 | GI19: 76748.7 | GJ19: 76809.1 | GK19: 76862.5 | GL19: 76913.8 | GM19: 76967.2 | GN19: 77014 | GO19: 77052.7 | GP19: 77087.3 | GQ19: 77152.2 | GR19: 77195.5 | GS19: 77236.5 | GT19: 77286.1 | GU19: 77335.7 | GV19: 77375.1 | GW19: 77391 | GX19: 77421.2 | GY19: 77435.7 | GZ19: 77476.2 | HA19: 77516.5 | HB19: 77558 | HC19: 77592.6 | HD19: 77607.9 | HE19: 77649.1 | HF19: 77693.5 | HG19: 77735.7 | HH19: 77777.6 | HI19: 77821 | HJ19: 77861 | HK19: 77876.8 | HL19: 77922.8 | HM19: 77966.1 | HN19: 78008.3 | HO19: 78054.9 | HP19: 78090.5 | HQ19: 78126.5 | HR19: 78140.8 | HS19: 78179.5 | HT19: 78212.3 | HU19: 78247.6 | HV19: 78281.1 | HW19: 78314.3 | HX19: 78346.6 | HY19: 78362.2 | HZ19: 78405 | IA19: 78443.7 | IB19: 78483 | IC19: 78524.8 | ID19: 78569.1 | IE19: 78608.9 | IF19: 78625.5 | IG19: 78665 | IH19: 78699.2 | II19: 78739.7 | IJ19: 78777.9 | IK19: 78817.4 | IL19: 78835.6 | IM19: 78852.3 | IN19: 78867.5 | IO19: 78878.9 | IP19: 78919.6 | IQ19: 78962 | IR19: 79001.7 | IS19: 79039.7 | IT19: 79056.1 | IU19: 79096.7 | IV19: 79132.7 | IW19: 79166.9 | IX19: 79203.5 | IY19: 79238.8 | IZ19: 79273.4 | JA19: 79288.9 | JB19: 79322.8 | JC19: 79359.1 | JD19: 79392.5 | JE19: 79431.9 | JF19: 79467.6 | JG19: 79501.6 | JH19: 79515.9 | JI19: 79545.1 | JJ19: 79577.9 | JK19: 79614.5 | JL19: 79646.4 | JM19: 79680.9 | JN19: 79713.7 | JO19: 79726.8 | JP19: 79758.8 | JQ19: 79785.8 | JR19: 79820.9 | JS19: 79851 | JT19: 79896.7 | JU19: 79931 | JV19: 79943.9 | JW19: 79972.4 | JX19: 80001.2 | JY19: 80032.7 | JZ19: 80072.7 | KA19: 80113.7 | KB19: 80150.3 | KC19: 80164.3 | KD19: 80192.1 | KE19: 80226.3 | KF19: 80268.2 | KG19: 80301.2 | KH19: 80347.6 | KI19: 80385.1 | KJ19: 80399.3 | KK19: 80442.3 | KL19: 80482.7 | KM19: 80525.9 | KN19: 80563.1 | KO19: 80597.9 | KP19: 80628.2 | KQ19: 80640.5 | KR19: 80680 | KS19: 80718.1 | KT19: 80757.4 | KU19: 80798.4 | KV19: 80825.4 | KW19: 80853.9 | KX19: 80865.6 | KY19: 80902.7 | KZ19: 80937.2 | LA19: 80969.5 | LB19: 81000.5 | LC19: 81028.1 | LD19: 81055.1 | LE19: 81062.9 | LF19: 81097.1 | LG19: 81129.1 | LH19: 81161.4 | LI19: 81193 | LJ19: 81226 | LK19: 81261.1 | LL19: 81275.4 | LM19: 81315.3 | LN19: 81343.2 | LO19: 81384.6 | LP19: 81417.5 | LQ19: 81446.5 | LR19: 81476.8 | LS19: 81489.6 | LT19: 81524.5 | LU19: 81563 | LV19: 81594.3 | LW19: 81628.2 | LX19: 81659.1 | LY19: 81685.8 | LZ19: 81698 | MA19: 81723.3 | MB19: 81760.9 | MC19: 81795.5 | MD19: 81832.3 | ME19: 81866.6 | MF19: 81904.6 | MG19: 81915.6 | MH19: 81958.6 | MI19: 81999.9 | MJ19: 82047.7 | MK19: 82092.4 | ML19: 82128.4 | MM19: 82158.6 | MN19: 82171.7 | MO19: 82216.7 | MP19: 82249 | MQ19: 82287.5 | MR19: 82329.5 | MS19: 82368.5 | MT19: 82395.7 | MU19: 82409.1 | MV19: 82438.7 | MW19: 82471.2 | MX19: 82499.3 | MY19: 82535.2 | MZ19: 82569.5 | NA19: 82595.5 | NB19: 82608.2 | NC19: 82636 | ND19: 82664.3 | NE19: 82685.3 | NF19: 82701.1 | NG19: 82734.3 | NH19: 82765.6 | NI19: 82777.3 | NJ19: 82811.3 | NK19: 82845.7 | NL19: 82884.7 | NM19: 82924.6 | NN19: 82961.1 | NO19: 82972.5 | NP19: 82984.2 | NQ19: 83034.7 | NR19: 83072.5 | NS19: 83105.8 | NT19: 83137.7 | NU19: 83171 | NV19: 83196.6 | NW19: 83206.8 | NX19: 83232.3 | NY19: 83264.6 | NZ19: 83292 | OA19: 83318.4 | OB19: 83346.4 | OC19: 83359.1 | OD19: 83372.3 | OE19: 83391 | OF19: 83416.6 | OG19: 83442.6 | OH19: 83471.5 | OI19: 83499.5 | OJ19: 83525.3 | OK19: 83538.4 | OL19: 83573.7 | OM19: 83621 | ON19: 83651.9 | OO19: 83684.8 | OP19: 83721.4 | OQ19: 83749.8 | OR19: 83778.6 | OS19: 83809.6 | OT19: 83838.8 | OU19: 83871.4 | OV19: 83894.1 | OW19: 83912.5 | OX19: 83934.9 | OY19: 83947.5 | OZ19: 83960.2 | PA19: 83972.8 | PB19: 83985.5 | PC19: 83998.1 | PD19: 84010.8 | PE19: 84023.4 | PF19: 84037.8 | PG19: 84062.4 | PH19: 84077.9 | PI19: 84098.7 | PJ19: 84122.4 | PK19: 84156.3 | PL19: 84187.7 | PM19: 84201.6 | PN19: 84219.3 | PO19: 84248.7 | PP19: 84275.2 | PQ19: 84291 | PR19: 84312.4 | PS19: 84336 | PT19: 84349 | PU19: 84372.6 | PV19: 84396.2 | PW19: 84415.7 | PX19: 84441.8 | PY19: 84463 | PZ19: 84484.5 | QA19: 84497.6 | QB19: 84520.1 | QC19: 84541.1 | QD19: 84566.9 | QE19: 84588.8 | QF19: 84617.1 | QG19: 84644.9 | QH19: 84664.5 | QI19: 84691.5 | QJ19: 84717.2 | QK19: 84745.3 | QL19: 84771.1 | QM19: 84802.4 | QN19: 84826.4 | QO19: 84840.6 | QP19: 84871.2 | QQ19: 84914.6 | QR19: 84963.2 | QS19: 85006.6 | QT19: 85058.1 | QU19: 85089.9 | QV19: 85107.9 | QW19: 85154.4 | QX19: 85193.4 | QY19: 85235 | QZ19: 85271 | RA19: 85307.4 | RB19: 85346 | RC19: 85362.6 | RD19: 85410.9 | RE19: 85454.5 | RF19: 85497 | RG19: 85541.4 | RH19: 85583.3 | RI19: 85625.2 | RJ19: 85643.1 | RK19: 85684.3 | RL19: 85726.6 | RM19: 85762.5 | RN19: 85806.3 | RO19: 85852.9 | RP19: 85892.8 | RQ19: 85908.6 | RR19: 85931.6 | RS19: 85970 | RT19: 86006.6 | RU19: 86028.9 | RV19: 86039.9 | RW19: 86062.3 | RX19: 86075.7 | RY19: 86105.2 | RZ19: 86139.9 | SA19: 86176.2 | SB19: 86208.6 | SC19: 86260.9 | SD19: 86301.3 | SE19: 86335 | SF19: 86376.5 | SG19: 86410.9 | SH19: 86450.3 | SI19: 86486.3 | SJ19: 86514.1 | SK19: 86536.5 | SL19: 86563.8 | SM19: 86600 | SN19: 86647.7 | SO19: 86688.1 | SP19: 86738.7 | SQ19: 86777.4 | SR19: 86813.9 | SS19: 86830.4 | ST19: 86874.6 | SU19: 86919.4 | SV19: 86964.6 | SW19: 87010 | SX19: 87049.9 | SY19: 87088.9 | SZ19: 87103.7 | TA19: 87151.9 | TB19: 87208 | TC19: 87257.5 | TD19: 87304.9 | TE19: 87352.3 | TF19: 87400.4 | TG19: 87416.2 | TH19: 87498.7 | TI19: 87586.9 | TJ19: 87673.5 | TK19: 87759.2 | TL19: 87842.4 | TM19: 87916.7 | TN19: 87948.2 | TO19: 88015.5
C20: F2EL12 | D20: 61887 | E20: 61920 | F20: 61946.9 | G20: 61984.9 | H20: 62000.9 | I20: 62001.5 | J20: 62023.3 | K20: 62046.3 | L20: 62069 | M20: 62098.2 | N20: 62122.2 | O20: 62161.8 | P20: 62173.7 | Q20: 62199.9 | R20: 62230.5 | S20: 62275.9 | T20: 62319.9 | U20: 62356 | V20: 62378.3 | W20: 62396.3 | X20: 62434 | Y20: 62464.1 | Z20: 62494.5 | AA20: 62524.8 | AB20: 62551.2 | AC20: 62579.4 | AD20: 62585.7 | AE20: 62598.6 | AF20: 62598.6 | AG20: 62598.6 | AH20: 62604.4 | AI20: 62612 | AJ20: 62619.7 | AK20: 62625.8 | AL20: 62656.2 | AM20: 62694.1 | AN20: 62731.5 | AO20: 62761.7 | AP20: 62788.9 | AQ20: 62812.8 | AR20: 62827.1 | AS20: 62857.6 | AT20: 62887.4 | AU20: 62917.2 | AV20: 62945 | AW20: 62970.2 | AX20: 62992 | AY20: 62992.8 | AZ20: 63023.2 | BA20: 63053.3 | BB20: 63084.5 | BC20: 63117.8 | BD20: 63148.4 | BE20: 63170.4 | BF20: 63187.9 | BG20: 63226 | BH20: 63260.9 | BI20: 63292.5 | BJ20: 63333 | BK20: 63363.3 | BL20: 63389.3 | BM20: 63395.4 | BN20: 63427.7 | BO20: 63462 | BP20: 63491.1 | BQ20: 63529.8 | BR20: 63565.7 | BS20: 63606 | BT20: 63608.6 | BU20: 63635.9 | BV20: 63667.4 | BW20: 63701.3 | BX20: 63736.4 | BY20: 63772 | BZ20: 63796 | CA20: 63797.9 | CB20: 63828.5 | CC20: 63859.8 | CD20: 63892.1 | CE20: 63923.5 | CF20: 63956 | CG20: 63978.7 | CH20: 63986.5 | CI20: 64025.3 | CJ20: 64076.9 | CK20: 64116.7 | CL20: 64156.3 | CM20: 64189.1 | CN20: 64223.2 | CO20: 64240 | CP20: 64284.5 | CQ20: 64330.8 | CR20: 64373.5 | CS20: 64412.2 | CT20: 64449.1 | CU20: 64483 | CV20: 64499.8 | CW20: 64521.2 | CX20: 64562.4 | CY20: 64602.4 | CZ20: 64641.9 | DA20: 64669.8 | DB20: 64694.3 | DC20: 64695 | DD20: 64729.9 | DE20: 64765.6 | DF20: 64801.4 | DG20: 64841.9 | DH20: 64878.2 | DI20: 64910.8 | DJ20: 64926.5 | DK20: 64963.2 | DL20: 65002.6 | DM20: 65037 | DN20: 65073.7 | DO20: 65128.7 | DP20: 65167.6 | DQ20: 65199.3 | DR20: 65242.6 | DS20: 65284.1 | DT20: 65321.1 | DU20: 65345.6 | DV20: 65386.5 | DW20: 65427 | DX20: 65448.4 | DY20: 65490.2 | DZ20: 65531.4 | EA20: 65581.3 | EB20: 65590.5 | EC20: 65632.3 | ED20: 65664.3 | EE20: 65693.7 | EF20: 65734.8 | EG20: 65774.9 | EH20: 65814.9 | EI20: 65855 | EJ20: 65888.5 | EK20: 65936.3 | EL20: 65975 | EM20: 66030.9 | EN20: 66081.5 | EO20: 66131.4 | EP20: 66182.1 | EQ20: 66236.8 | ER20: 66288.1 | ES20: 66289 | ET20: 66358.3 | EU20: 66417.1 | EV20: 66477.7 | EW20: 66541.4 | EX20: 66608.7 | EY20: 66661.7 | EZ20: 66709.6 | FA20: 66751.8 | FB20: 66811.4 | FC20: 66871.8 | FD20: 66928.8 | FE20: 66989.7 | FF20: 67046.1 | FG20: 67106.4 | FH20: 67166.5 | FI20: 67220.7 | FJ20: 67288.1 | FK20: 67347.7 | FL20: 67408.1 | FM20: 67470.6 | FN20: 67488.7 | FO20: 67548.1 | FP20: 67607.3 | FQ20: 67666.8 | FR20: 67707.8 | FS20: 67768.6 | FT20: 67823.9 | FU20: 67876.1 | FV20: 67934.8 | FW20: 67991 | FX20: 68039.5 | FY20: 68099.4 | FZ20: 68155.4 | GA20: 68208.4 | GB20: 68230.2 | GC20: 68272.4 | GD20: 68325.5 | GE20: 68383.9 | GF20: 68440.3 | GG20: 68500 | GH20: 68552.3 | GI20: 68586.2 | GJ20: 68627 | GK20: 68668.7 | GL20: 68706.2 | GM20: 68745.9 | GN20: 68789.8 | GO20: 68830.1 | GP20: 68852.2 | GQ20: 68887.9 | GR20: 68938.9 | GS20: 68990.6 | GT20: 69033.6 | GU20: 69081.5 | GV20: 69119 | GW20: 69121.7 | GX20: 69158.1 | GY20: 69175.8 | GZ20: 69220.2 | HA20: 69264.5 | HB20: 69306.6 | HC20: 69347.8 | HD20: 69366.5 | HE20: 69409.7 | HF20: 69465.1 | HG20: 69506.3 | HH20: 69549.3 | HI20: 69588.3 | HJ20: 69629.6 | HK20: 69632.3 | HL20: 69670.9 | HM20: 69714.4 | HN20: 69753.3 | HO20: 69789.5 | HP20: 69827.7 | HQ20: 69864.2 | HR20: 69866.9 | HS20: 69904.9 | HT20: 69943.3 | HU20: 69984.4 | HV20: 70022.7 | HW20: 70060.8 | HX20: 70094.6 | HY20: 70111.6 | HZ20: 70147.7 | IA20: 70186.4 | IB20: 70225.6 | IC20: 70260.4 | ID20: 70302.5 | IE20: 70340.5 | IF20: 70342.1 | IG20: 70380.5 | IH20: 70419.8 | II20: 70457.2 | IJ20: 70496.6 | IK20: 70535.4 | IL20: 70574.3 | IM20: 70590.5 | IN20: 70605.8 | IO20: 70607.3 | IP20: 70644.6 | IQ20: 70679.5 | IR20: 70717.7 | IS20: 70756.8 | IT20: 70789.3 | IU20: 70827.4 | IV20: 70864.5 | IW20: 70901.5 | IX20: 70945.1 | IY20: 70987.6 | IZ20: 71026 | JA20: 71058.6 | JB20: 71096.1 | JC20: 71131.2 | JD20: 71167.8 | JE20: 71203 | JF20: 71239.8 | JG20: 71276.7 | JH20: 71291.5 | JI20: 71330.4 | JJ20: 71366.8 | JK20: 71403.3 | JL20: 71439.2 | JM20: 71475.8 | JN20: 71511 | JO20: 71512.7 | JP20: 71550.1 | JQ20: 71590 | JR20: 71632.5 | JS20: 71670.3 | JT20: 71708.8 | JU20: 71746.4 | JV20: 71750 | JW20: 71786.9 | JX20: 71822.5 | JY20: 71859.6 | JZ20: 71896.4 | KA20: 71933.2 | KB20: 71969.9 | KC20: 71972.9 | KD20: 72009.7 | KE20: 72046.6 | KF20: 72086 | KG20: 72121.8 | KH20: 72171.8 | KI20: 72214.9 | KJ20: 72217 | KK20: 72254.7 | KL20: 72296.5 | KM20: 72340.6 | KN20: 72386.4 | KO20: 72435.3 | KP20: 72477.8 | KQ20: 72478.8 | KR20: 72530.3 | KS20: 72581.1 | KT20: 72632.9 | KU20: 72679.2 | KV20: 72725.5 | KW20: 72760.1 | KX20: 72777.2 | KY20: 72816.1 | KZ20: 72865.9 | LA20: 72919.7 | LB20: 72961 | LC20: 73000.7 | LD20: 73030.1 | LE20: 73030.5 | LF20: 73065.5 | LG20: 73102.8 | LH20: 73140.3 | LI20: 73177.7 | LJ20: 73212.8 | LK20: 73246.7 | LL20: 73247.2 | LM20: 73284.8 | LN20: 73320.9 | LO20: 73356.1 | LP20: 73391.3 | LQ20: 73426.7 | LR20: 73462.3 | LS20: 73495.5 | LT20: 73536.7 | LU20: 73574.8 | LV20: 73614.3 | LW20: 73653.9 | LX20: 73691 | LY20: 73727 | LZ20: 73727.6 | MA20: 73769.1 | MB20: 73814.3 | MC20: 73856.9 | MD20: 73901.5 | ME20: 73943.2 | MF20: 73981 | MG20: 73981.6 | MH20: 74027.2 | MI20: 74066.9 | MJ20: 74111.5 | MK20: 74161.3 | ML20: 74201.2 | MM20: 74239.5 | MN20: 74276.5 | MO20: 74315.1 | MP20: 74355.7 | MQ20: 74394.1 | MR20: 74434.7 | MS20: 74473 | MT20: 74509.3 | MU20: 74511 | MV20: 74549.5 | MW20: 74588 | MX20: 74626.6 | MY20: 74664.8 | MZ20: 74703.3 | NA20: 74744.6 | NB20: 74751.2 | NC20: 74783.8 | ND20: 74801.2 | NE20: 74823.9 | NF20: 74840.4 | NG20: 74880.3 | NH20: 74921 | NI20: 74923.6 | NJ20: 74978.6 | NK20: 75024.3 | NL20: 75069.3 | NM20: 75107.6 | NN20: 75152.6 | NO20: 75166.9 | NP20: 75168.8 | NQ20: 75216.7 | NR20: 75259.7 | NS20: 75297.9 | NT20: 75336.2 | NU20: 75374.5 | NV20: 75412.3 | NW20: 75414 | NX20: 75452.5 | NY20: 75492.1 | NZ20: 75531.2 | OA20: 75572.5 | OB20: 75603.1 | OC20: 75604.3 | OD20: 75606.2 | OE20: 75647.4 | OF20: 75685.9 | OG20: 75725.9 | OH20: 75766.2 | OI20: 75807.8 | OJ20: 75848 | OK20: 75851.2 | OL20: 75898.9 | OM20: 75946.5 | ON20: 75993.7 | OO20: 76044 | OP20: 76092.6 | OQ20: 76099.7 | OR20: 76101.9 | OS20: 76130.6 | OT20: 76151.8 | OU20: 76176 | OV20: 76201.2 | OW20: 76226.5 | OX20: 76242.4 | OY20: 76243.6 | OZ20: 76244.7 | PA20: 76245.8 | PB20: 76246.9 | PC20: 76248 | PD20: 76249.2 | PE20: 76250.3 | PF20: 76251.8 | PG20: 76283.7 | PH20: 76312 | PI20: 76364.8 | PJ20: 76415.9 | PK20: 76465.9 | PL20: 76513.7 | PM20: 76524.4 | PN20: 76571.4 | PO20: 76618.4 | PP20: 76663.5 | PQ20: 76711.5 | PR20: 76753.8 | PS20: 76774.5 | PT20: 76776.1 | PU20: 76813 | PV20: 76853.1 | PW20: 76900.4 | PX20: 76945.3 | PY20: 76988.6 | PZ20: 77026.7 | QA20: 77030 | QB20: 77069.8 | QC20: 77109.7 | QD20: 77155.1 | QE20: 77202.4 | QF20: 77254.4 | QG20: 77263.9 | QH20: 77267 | QI20: 77305.2 | QJ20: 77347.7 | QK20: 77390.9 | QL20: 77441.6 | QM20: 77488.5 | QN20: 77532.1 | QO20: 77537 | QP20: 77590 | QQ20: 77640 | QR20: 77694.7 | QS20: 77740.3 | QT20: 77792.3 | QU20: 77810.1 | QV20: 77812 | QW20: 77860.1 | QX20: 77903.3 | QY20: 77950.4 | QZ20: 77995 | RA20: 78039.3 | RB20: 78078 | RC20: 78079.8 | RD20: 78127.1 | RE20: 78173.1 | RF20: 78225.1 | RG20: 78272.4 | RH20: 78320.4 | RI20: 78361.9 | RJ20: 78364.8 | RK20: 78412.8 | RL20: 78457.5 | RM20: 78496 | RN20: 78542.3 | RO20: 78583.1 | RP20: 78627.1 | RQ20: 78664 | RR20: 78700.9 | RS20: 78754.2 | RT20: 78802.8 | RU20: 78838.6 | RV20: 78841 | RW20: 78878.6 | RX20: 78916.1 | RY20: 78960.9 | RZ20: 79003.2 | SA20: 79041.8 | SB20: 79083.4 | SC20: 79121.2 | SD20: 79160.2 | SE20: 79170 | SF20: 79213.7 | SG20: 79255.9 | SH20: 79299.2 | SI20: 79341.2 | SJ20: 79384.2 | SK20: 79393.3 | SL20: 79395.9 | SM20: 79441.5 | SN20: 79482.8 | SO20: 79528.3 | SP20: 79569.7 | SQ20: 79610.8 | SR20: 79648.6 | SS20: 79651.2 | ST20: 79692.8 | SU20: 79737.4 | SV20: 79781.1 | SW20: 79822.2 | SX20: 79863.7 | SY20: 79899.2 | SZ20: 79901.8 | TA20: 79947.2 | TB20: 79993.3 | TC20: 80036.2 | TD20: 80084.8 | TE20: 80135.6 | TF20: 80186.4 | TG20: 80203.6 | TH20: 80254.9 | TI20: 80298.9 | TJ20: 80342.6 | TK20: 80386.1 | TL20: 80420.7 | TM20: 80452.9 | TN20: 80460.6 | TO20: 80514.8
C21: F2PZ11 | D21: 20244.1 | E21: 20257.6 | F21: 20299.2 | G21: 20323.8 | H21: 20343 | I21: 20357.2 | J21: 20391.5 | K21: 20413.6 | L21: 20440.8 | M21: 20463.7 | N21: 20485.2 | O21: 20513.7 | P21: 20527.3 | Q21: 20549.4 | R21: 20576.1 | S21: 20603.3 | T21: 20642 | U21: 20665.1 | V21: 20686.8 | W21: 20700.7 | X21: 20728.4 | Y21: 20753 | Z21: 20786.3 | AA21: 20808.2 | AB21: 20831.9 | AC21: 20851.2 | AD21: 20864.5 | AE21: 20876.3 | AF21: 20884.5 | AG21: 20893.5 | AH21: 20916.3 | AI21: 20926.7 | AJ21: 20936.6 | AK21: 20947.3 | AL21: 20972.3 | AM21: 20987.8 | AN21: 21004.1 | AO21: 21027.6 | AP21: 21047.8 | AQ21: 21062.8 | AR21: 21076.2 | AS21: 21109.2 | AT21: 21127.6 | AU21: 21148.4 | AV21: 21168.1 | AW21: 21187.5 | AX21: 21204 | AY21: 21217.4 | AZ21: 21250.3 | BA21: 21271.9 | BB21: 21292.4 | BC21: 21314.2 | BD21: 21340.9 | BE21: 21358.5 | BF21: 21371.3 | BG21: 21392.8 | BH21: 21431 | BI21: 21450 | BJ21: 21472.1 | BK21: 21491.7 | BL21: 21506.9 | BM21: 21518.2 | BN21: 21547.2 | BO21: 21566.2 | BP21: 21595.7 | BQ21: 21615.5 | BR21: 21636.5 | BS21: 21652.8 | BT21: 21665.5 | BU21: 21697.4 | BV21: 21716.1 | BW21: 21734.7 | BX21: 21762.5 | BY21: 21780.7 | BZ21: 21796.4 | CA21: 21808.4 | CB21: 21824.4 | CC21: 21843 | CD21: 21866.4 | CE21: 21902.7 | CF21: 21922.5 | CG21: 21939.8 | CH21: 21952.7 | CI21: 21980.9 | CJ21: 22000.2 | CK21: 22019 | CL21: 22049.6 | CM21: 22069.5 | CN21: 22086.2 | CO21: 22098.9 | CP21: 22134.1 | CQ21: 22153.9 | CR21: 22174.7 | CS21: 22193.9 | CT21: 22218.7 | CU21: 22235.7 | CV21: 22245.9 | CW21: 22258.5 | CX21: 22293.4 | CY21: 22314.1 | CZ21: 22332.9 | DA21: 22362.5 | DB21: 22378.3 | DC21: 22390.1 | DD21: 22409.3 | DE21: 22431.5 | DF21: 22462.3 | DG21: 22483.3 | DH21: 22510.4 | DI21: 22525.5 | DJ21: 22537.4 | DK21: 22570.8 | DL21: 22589.8 | DM21: 22611.3 | DN21: 22629.6 | DO21: 22657.3 | DP21: 22672.4 | DQ21: 22684 | DR21: 22715.8 | DS21: 22738.4 | DT21: 22749.2 | DU21: 22761.1 | DV21: 22783.3 | DW21: 22797.6 | DX21: 22809.7 | DY21: 22841.7 | DZ21: 22861 | EA21: 22879.8 | EB21: 22911.3 | EC21: 22934 | ED21: 22955.8 | EE21: 22969.5 | EF21: 23004.6 | EG21: 23019.8 | EH21: 23038.6 | EI21: 23078.3 | EJ21: 23095.8 | EK21: 23115.8 | EL21: 23143.2 | EM21: 23164 | EN21: 23204.3 | EO21: 23223.3 | EP21: 23256.7 | EQ21: 23277.5 | ER21: 23292.1 | ES21: 23311.2 | ET21: 23331.8 | EU21: 23353.3 | EV21: 23391.8 | EW21: 23411.5 | EX21: 23444.7 | EY21: 23470 | EZ21: 23483.1 | FA21: 23531.6 | FB21: 23548.4 | FC21: 23581.9 | FD21: 23608.3 | FE21: 23645.3 | FF21: 23660.6 | FG21: 23700.4 | FH21: 23719.8 | FI21: 23750.5 | FJ21: 23795.8 | FK21: 23822.1 | FL21: 23858.6 | FM21: 23885.8 | FN21: 23899.3 | FO21: 23926.8 | FP21: 23962.1 | FQ21: 23995.8 | FR21: 24030.9 | FS21: 24065.5 | FT21: 24091.8 | FU21: 24108.8 | FV21: 24155.9 | FW21: 24179 | FX21: 24229.3 | FY21: 24256.7 | FZ21: 24302.1 | GA21: 24325.9 | GB21: 24337.7 | GC21: 24373.7 | GD21: 24388.8 | GE21: 24424.4 | GF21: 24439 | GG21: 24476.1 | GH21: 24489.9 | GI21: 24506.3 | GJ21: 24548.4 | GK21: 24572.4 | GL21: 24603.5 | GM21: 24639.8 | GN21: 24656.7 | GO21: 24681.1 | GP21: 24700.6 | GQ21: 24729.2 | GR21: 24763.4 | GS21: 24786.9 | GT21: 24818.8 | GU21: 24860.7 | GV21: 24879.2 | GW21: 24889.9 | GX21: 24907.7 | GY21: 24926 | GZ21: 24966.3 | HA21: 24982.8 | HB21: 24999.4 | HC21: 25024.1 | HD21: 25037.7 | HE21: 25066.8 | HF21: 25093.8 | HG21: 25125.6 | HH21: 25153.8 | HI21: 25180.1 | HJ21: 25204.4 | HK21: 25218.1 | HL21: 25249.4 | HM21: 25279.7 | HN21: 25311.3 | HO21: 25339.3 | HP21: 25365.6 | HQ21: 25384.9 | HR21: 25420.8 | HS21: 25440.5 | HT21: 25470.3 | HU21: 25500.3 | HV21: 25541.8 | HW21: 25557.6 | HX21: 25570.2 | HY21: 25584.3 | HZ21: 25625.1 | IA21: 25641.3 | IB21: 25657.2 | IC21: 25679.9 | ID21: 25706.6 | IE21: 25724.9 | IF21: 25754.4 | IG21: 25771.9 | IH21: 25793.1 | II21: 25819.3 | IJ21: 25836 | IK21: 25863.3 | IL21: 25874.6 | IM21: 25888.3 | IN21: 25896.8 | IO21: 25917.2 | IP21: 25937.6 | IQ21: 25961.8 | IR21: 25987.8 | IS21: 26002.8 | IT21: 26017.3 | IU21: 26044.2 | IV21: 26067.1 | IW21: 26092.4 | IX21: 26115.4 | IY21: 26136.5 | IZ21: 26158 | JA21: 26170.2 | JB21: 26185.1 | JC21: 26214 | JD21: 26236.9 | JE21: 26255 | JF21: 26288.6 | JG21: 26302.6 | JH21: 26314.4 | JI21: 26342.6 | JJ21: 26367.7 | JK21: 26393.3 | JL21: 26421.4 | JM21: 26438 | JN21: 26461.6 | JO21: 26478.4 | JP21: 26505.3 | JQ21: 26533.2 | JR21: 26563.5 | JS21: 26582.2 | JT21: 26604.4 | JU21: 26622.9 | JV21: 26636.5 | JW21: 26662.9 | JX21: 26687.9 | JY21: 26704.5 | JZ21: 26730.4 | KA21: 26753.3 | KB21: 26774 | KC21: 26787.3 | KD21: 26811 | KE21: 26825.1 | KF21: 26853.2 | KG21: 26879.3 | KH21: 26904.1 | KI21: 26917 | KJ21: 26930.1 | KK21: 26957.9 | KL21: 26974.2 | KM21: 26999.8 | KN21: 27015.4 | KO21: 27039.1 | KP21: 27053.5 | KQ21: 27066.3 | KR21: 27093.8 | KS21: 27115.9 | KT21: 27142.8 | KU21: 27167.7 | KV21: 27183.3 | KW21: 27204.4 | KX21: 27217 | KY21: 27245 | KZ21: 27261.3 | LA21: 27288.2 | LB21: 27310 | LC21: 27325.5 | LD21: 27347.7 | LE21: 27362.9 | LF21: 27380.7 | LG21: 27396.5 | LH21: 27419.3 | LI21: 27436.6 | LJ21: 27461.6 | LK21: 27475.2 | LL21: 27487 | LM21: 27517 | LN21: 27542.7 | LO21: 27558.6 | LP21: 27575.4 | LQ21: 27591.5 | LR21: 27613.1 | LS21: 27624.8 | LT21: 27651.7 | LU21: 27669.5 | LV21: 27703.8 | LW21: 27720.6 | LX21: 27737.3 | LY21: 27750.6 | LZ21: 27761.9 | MA21: 27788.1 | MB21: 27809.8 | MC21: 27835.4 | MD21: 27851.1 | ME21: 27867.3 | MF21: 27889.4 | MG21: 27901.9 | MH21: 27926 | MI21: 27941.9 | MJ21: 27962.1 | MK21: 27982.4 | ML21: 27997.6 | MM21: 28019.7 | MN21: 28031.2 | MO21: 28048.5 | MP21: 28065.8 | MQ21: 28090 | MR21: 28113.9 | MS21: 28130 | MT21: 28143.7 | MU21: 28155.3 | MV21: 28181.5 | MW21: 28196.7 | MX21: 28219.5 | MY21: 28234.5 | MZ21: 28248.7 | NA21: 28260 | NB21: 28272.6 | NC21: 28298.3 | ND21: 28312 | NE21: 28322.7 | NF21: 28348.3 | NG21: 28368.9 | NH21: 28382.2 | NI21: 28394.5 | NJ21: 28411.2 | NK21: 28427.6 | NL21: 28444.7 | NM21: 28461.4 | NN21: 28476.1 | NO21: 28485.4 | NP21: 28499.9 | NQ21: 28526.6 | NR21: 28542.5 | NS21: 28557.9 | NT21: 28573.1 | NU21: 28598.1 | NV21: 28611.3 | NW21: 28622.9 | NX21: 28647.2 | NY21: 28662.9 | NZ21: 28679.3 | OA21: 28695.6 | OB21: 28709.1 | OC21: 28718.7 | OD21: 28731.2 | OE21: 28757.5 | OF21: 28774.6 | OG21: 28798.7 | OH21: 28814.8 | OI21: 28830.2 | OJ21: 28848.4 | OK21: 28860.6 | OL21: 28877.8 | OM21: 28913 | ON21: 28930.4 | OO21: 28947.1 | OP21: 28961 | OQ21: 28970.2 | OR21: 28981.6 | OS21: 29005.1 | OT21: 29020.8 | OU21: 29050.8 | OV21: 29065.3 | OW21: 29077.3 | OX21: 29086.9 | OY21: 29095.3 | OZ21: 29103.5 | PA21: 29111.9 | PB21: 29120.2 | PC21: 29128.6 | PD21: 29137.3 | PE21: 29145.6 | PF21: 29156 | PG21: 29184.6 | PH21: 29199.2 | PI21: 29215.2 | PJ21: 29229.7 | PK21: 29244.3 | PL21: 29256.9 | PM21: 29269.3 | PN21: 29283 | PO21: 29301.3 | PP21: 29325.2 | PQ21: 29341.4 | PR21: 29363.5 | PS21: 29376.4 | PT21: 29388.7 | PU21: 29410.1 | PV21: 29426.2 | PW21: 29441.3 | PX21: 29463.6 | PY21: 29478 | PZ21: 29491.3 | QA21: 29502.9 | QB21: 29517.3 | QC21: 29546.7 | QD21: 29561.6 | QE21: 29578.6 | QF21: 29610.6 | QG21: 29621.8 | QH21: 29632.7 | QI21: 29647.5 | QJ21: 29664.3 | QK21: 29696.8 | QL21: 29712.2 | QM21: 29728.4 | QN21: 29741.1 | QO21: 29751.7 | QP21: 29782.5 | QQ21: 29798.8 | QR21: 29814.3 | QS21: 29842.6 | QT21: 29865.8 | QU21: 29874.5 | QV21: 29886.1 | QW21: 29902.5 | QX21: 29928.1 | QY21: 29949.1 | QZ21: 29964.4 | RA21: 29989.1 | RB21: 30001.6 | RC21: 30012.5 | RD21: 30037.6 | RE21: 30058.4 | RF21: 30080.7 | RG21: 30096.2 | RH21: 30129.5 | RI21: 30141.1 | RJ21: 30153.6 | RK21: 30174.7 | RL21: 30191.5 | RM21: 30215.6 | RN21: 30231.9 | RO21: 30256.7 | RP21: 30268.5 | RQ21: 30277.9 | RR21: 30290.1 | RS21: 30323.6 | RT21: 30336.1 | RU21: 30345.8 | RV21: 30356.5 | RW21: 30380.5 | RX21: 30397.1 | RY21: 30415.2 | RZ21: 30432.3 | SA21: 30456.9 | SB21: 30477.2 | SC21: 30497.4 | SD21: 30519.7 | SE21: 30534.1 | SF21: 30559 | SG21: 30575.9 | SH21: 30602.3 | SI21: 30628.9 | SJ21: 30653.8 | SK21: 30665.1 | SL21: 30676 | SM21: 30700.9 | SN21: 30727.7 | SO21: 30751.9 | SP21: 30779.8 | SQ21: 30820.3 | SR21: 30832.3 | SS21: 30845.4 | ST21: 30890 | SU21: 30912.9 | SV21: 30957.7 | SW21: 30998.2 | SX21: 31020.5 | SY21: 31040.1 | SZ21: 31052.9 | TA21: 31096.4 | TB21: 31131.1 | TC21: 31149.9 | TD21: 31196 | TE21: 31220.9 | TF21: 31245.7 | TG21: 31257.4 | TH21: 31301.7 | TI21: 31325.4 | TJ21: 31367.2 | TK21: 31387.6 | TL21: 31415.1 | TM21: 31443.9 | TN21: 31455.3 | TO21: 31487.7
A22: F2-2F照明插座 | C22: F2EL21 | D22: 49539.5 | E22: 49558.4 | F22: 49614.5 | G22: 49666.1 | H22: 49702.9 | I22: 49715.3 | J22: 49764.5 | K22: 49815.2 | L22: 49869.8 | M22: 49923.2 | N22: 49974.4 | O22: 50025 | P22: 50045.7 | Q22: 50103.3 | R22: 50148.4 | S22: 50194.1 | T22: 50235.6 | U22: 50284.1 | V22: 50347.4 | W22: 50416.3 | X22: 50474 | Y22: 50523.9 | Z22: 50575.5 | AA22: 50633.1 | AB22: 50689.6 | AC22: 50736.5 | AD22: 50739 | AE22: 50757.8 | AF22: 50759.7 | AG22: 50761.7 | AH22: 50763.6 | AI22: 50765.6 | AJ22: 50767.5 | AK22: 50797.3 | AL22: 50851.3 | AM22: 50904.5 | AN22: 50960.9 | AO22: 51018.3 | AP22: 51075.6 | AQ22: 51132.2 | AR22: 51170.6 | AS22: 51222.5 | AT22: 51279.8 | AU22: 51338.3 | AV22: 51397.7 | AW22: 51447.4 | AX22: 51500.5 | AY22: 51526 | AZ22: 51577.5 | BA22: 51638.4 | BB22: 51687.7 | BC22: 51738 | BD22: 51794.3 | BE22: 51845.1 | BF22: 51914.2 | BG22: 51964.4 | BH22: 52016 | BI22: 52069 | BJ22: 52124.6 | BK22: 52180.6 | BL22: 52229 | BM22: 52276.2 | BN22: 52328.5 | BO22: 52386 | BP22: 52437.3 | BQ22: 52491.3 | BR22: 52547.3 | BS22: 52601.7 | BT22: 52626.1 | BU22: 52677.2 | BV22: 52731.9 | BW22: 52781.8 | BX22: 52837.1 | BY22: 52897.4 | BZ22: 52952.1 | CA22: 53013.3 | CB22: 53070.6 | CC22: 53127.2 | CD22: 53184.4 | CE22: 53243.3 | CF22: 53299.9 | CG22: 53348.1 | CH22: 53407.8 | CI22: 53467.4 | CJ22: 53526.9 | CK22: 53581.4 | CL22: 53632 | CM22: 53681.1 | CN22: 53728.7 | CO22: 53776.9 | CP22: 53837.5 | CQ22: 53897.9 | CR22: 53949.2 | CS22: 54001.7 | CT22: 54050.4 | CU22: 54106.1 | CV22: 54155.9 | CW22: 54205.6 | CX22: 54265.3 | CY22: 54316.1 | CZ22: 54374.8 | DA22: 54425.2 | DB22: 54474.4 | DC22: 54498 | DD22: 54557.8 | DE22: 54617.9 | DF22: 54669.4 | DG22: 54725.7 | DH22: 54785.2 | DI22: 54836.4 | DJ22: 54877.6 | DK22: 54930.1 | DL22: 54990 | DM22: 55042.2 | DN22: 55099.1 | DO22: 55159 | DP22: 55217.8 | DQ22: 55276.5 | DR22: 55330.8 | DS22: 55389.6 | DT22: 55455 | DU22: 55524.1 | DV22: 55593.3 | DW22: 55656.5 | DX22: 55718.6 | DY22: 55776.1 | DZ22: 55828.1 | EA22: 55879.2 | EB22: 55917.5 | EC22: 55970.2 | ED22: 56018.8 | EE22: 56044.5 | EF22: 56095.5 | EG22: 56146.6 | EH22: 56196.7 | EI22: 56249.1 | EJ22: 56305.5 | EK22: 56362 | EL22: 56420.9 | EM22: 56480.3 | EN22: 56549.1 | EO22: 56617.5 | EP22: 56683.8 | EQ22: 56753 | ER22: 56813.1 | ES22: 56841.6 | ET22: 56911.9 | EU22: 56981.5 | EV22: 57048 | EW22: 57109.6 | EX22: 57173.9 | EY22: 57241 | EZ22: 57306.4 | FA22: 57374.5 | FB22: 57442.1 | FC22: 57508.7 | FD22: 57577.8 | FE22: 57643.7 | FF22: 57704.1 | FG22: 57773.3 | FH22: 57840.1 | FI22: 57909.2 | FJ22: 57978.6 | FK22: 58044.2 | FL22: 58108.2 | FM22: 58177 | FN22: 58245.4 | FO22: 58314 | FP22: 58382.2 | FQ22: 58450.3 | FR22: 58519.3 | FS22: 58587.2 | FT22: 58654.5 | FU22: 58721.5 | FV22: 58788.7 | FW22: 58857 | FX22: 58922.8 | FY22: 58991.5 | FZ22: 59059.6 | GA22: 59126.9 | GB22: 59186.7 | GC22: 59254.3 | GD22: 59321.9 | GE22: 59389.9 | GF22: 59457.7 | GG22: 59525.8 | GH22: 59593.7 | GI22: 59661.1 | GJ22: 59729.4 | GK22: 59797.4 | GL22: 59865.2 | GM22: 59934.7 | GN22: 60002.5 | GO22: 60070.6 | GP22: 60138.7 | GQ22: 60207.8 | GR22: 60275.7 | GS22: 60343.9 | GT22: 60412.5 | GU22: 60480.6 | GV22: 60547.7 | GW22: 60614.9 | GX22: 60676.6 | GY22: 60718.3 | GZ22: 60785.4 | HA22: 60853.4 | HB22: 60920.9 | HC22: 60987.9 | HD22: 61055.4 | HE22: 61122.5 | HF22: 61190.2 | HG22: 61257.3 | HH22: 61325.4 | HI22: 61392.6 | HJ22: 61458.2 | HK22: 61525.3 | HL22: 61592.3 | HM22: 61660.1 | HN22: 61728.1 | HO22: 61796 | HP22: 61864.3 | HQ22: 61931.7 | HR22: 61990.9 | HS22: 62058.8 | HT22: 62126.7 | HU22: 62194.5 | HV22: 62261.6 | HW22: 62329.3 | HX22: 62398.1 | HY22: 62465.8 | HZ22: 62534.2 | IA22: 62602.2 | IB22: 62669.3 | IC22: 62737.1 | ID22: 62805.5 | IE22: 62873.6 | IF22: 62941.9 | IG22: 63009.4 | IH22: 63074.1 | II22: 63142.7 | IJ22: 63211.2 | IK22: 63278.8 | IL22: 63346.4 | IM22: 63377.9 | IN22: 63414.3 | IO22: 63441.4 | IP22: 63504.5 | IQ22: 63572.6 | IR22: 63640.1 | IS22: 63707.4 | IT22: 63773.8 | IU22: 63842 | IV22: 63909.8 | IW22: 63977.2 | IX22: 64044.9 | IY22: 64113.4 | IZ22: 64181.8 | JA22: 64235.4 | JB22: 64293.8 | JC22: 64352.6 | JD22: 64421.4 | JE22: 64480.5 | JF22: 64539.6 | JG22: 64600.5 | JH22: 64650.9 | JI22: 64720.3 | JJ22: 64780.2 | JK22: 64839.2 | JL22: 64896.8 | JM22: 64953 | JN22: 65010.1 | JO22: 65067.8 | JP22: 65127.3 | JQ22: 65187 | JR22: 65255.3 | JS22: 65314.3 | JT22: 65373.6 | JU22: 65430.1 | JV22: 65470.9 | JW22: 65530.3 | JX22: 65589.9 | JY22: 65658.4 | JZ22: 65718.1 | KA22: 65778.6 | KB22: 65836.2 | KC22: 65885.9 | KD22: 65949.7 | KE22: 66010.8 | KF22: 66068.7 | KG22: 66125.7 | KH22: 66183.9 | KI22: 66244.8 | KJ22: 66305.8 | KK22: 66363.8 | KL22: 66433.6 | KM22: 66493.5 | KN22: 66549.6 | KO22: 66606.2 | KP22: 66662.6 | KQ22: 66706.7 | KR22: 66763.1 | KS22: 66823.1 | KT22: 66882.3 | KU22: 66940.2 | KV22: 66996.6 | KW22: 67052 | KX22: 67100.3 | KY22: 67157.3 | KZ22: 67215.1 | LA22: 67269.8 | LB22: 67332 | LC22: 67388.4 | LD22: 67438.3 | LE22: 67466.3 | LF22: 67526.1 | LG22: 67586.4 | LH22: 67647.2 | LI22: 67703.8 | LJ22: 67760.6 | LK22: 67817.7 | LL22: 67867.8 | LM22: 67924.1 | LN22: 67982.9 | LO22: 68042.2 | LP22: 68100.4 | LQ22: 68159.4 | LR22: 68218.1 | LS22: 68267.5 | LT22: 68327.1 | LU22: 68385.7 | LV22: 68445.1 | LW22: 68505.8 | LX22: 68563.9 | LY22: 68619.9 | LZ22: 68681.4 | MA22: 68741.4 | MB22: 68801.6 | MC22: 68861.4 | MD22: 68921.2 | ME22: 68980.8 | MF22: 69034.7 | MG22: 69095.6 | MH22: 69160.4 | MI22: 69218.3 | MJ22: 69282.4 | MK22: 69349.6 | ML22: 69417 | MM22: 69484 | MN22: 69536.8 | MO22: 69604.3 | MP22: 69670.5 | MQ22: 69736.7 | MR22: 69803.8 | MS22: 69869.9 | MT22: 69932.9 | MU22: 69952.4 | MV22: 70018.7 | MW22: 70085.6 | MX22: 70152.2 | MY22: 70219.2 | MZ22: 70285.6 | NA22: 70342.1 | NB22: 70381 | NC22: 70447.3 | ND22: 70509.5 | NE22: 70556 | NF22: 70575.8 | NG22: 70632.8 | NH22: 70690.1 | NI22: 70746.2 | NJ22: 70811.9 | NK22: 70875.7 | NL22: 70934.7 | NM22: 71000.4 | NN22: 71062.4 | NO22: 71110.5 | NP22: 71124.9 | NQ22: 71181.1 | NR22: 71234.3 | NS22: 71298.1 | NT22: 71365.9 | NU22: 71431.6 | NV22: 71497.5 | NW22: 71523.3 | NX22: 71591.5 | NY22: 71660.5 | NZ22: 71727.8 | OA22: 71796.1 | OB22: 71865.2 | OC22: 71919.6 | OD22: 71986.3 | OE22: 72054.6 | OF22: 72123.7 | OG22: 72192.6 | OH22: 72261.5 | OI22: 72330.3 | OJ22: 72398.5 | OK22: 72413.4 | OL22: 72480.2 | OM22: 72543.3 | ON22: 72610 | OO22: 72676.7 | OP22: 72744.1 | OQ22: 72773.2 | OR22: 72807.9 | OS22: 72873.6 | OT22: 72937.4 | OU22: 73004.5 | OV22: 73065.8 | OW22: 73129.8 | OX22: 73156 | OY22: 73156.7 | OZ22: 73157.5 | PA22: 73158 | PB22: 73158.5 | PC22: 73159.1 | PD22: 73159.6 | PE22: 73160.2 | PF22: 73187.7 | PG22: 73254.7 | PH22: 73320.4 | PI22: 73388 | PJ22: 73455.7 | PK22: 73523.5 | PL22: 73582.8 | PM22: 73587 | PN22: 73654.5 | PO22: 73718.8 | PP22: 73782.9 | PQ22: 73847.1 | PR22: 73911.6 | PS22: 73970.8 | PT22: 74000.3 | PU22: 74068.8 | PV22: 74138 | PW22: 74206.5 | PX22: 74274.9 | PY22: 74341.1 | PZ22: 74407.3 | QA22: 74443.1 | QB22: 74504.9 | QC22: 74563.9 | QD22: 74623.4 | QE22: 74682.4 | QF22: 74740.7 | QG22: 74797.3 | QH22: 74828.4 | QI22: 74894.4 | QJ22: 74960.9 | QK22: 75028.6 | QL22: 75096.2 | QM22: 75160.9 | QN22: 75227.6 | QO22: 75256.7 | QP22: 75323.8 | QQ22: 75391.1 | QR22: 75457.5 | QS22: 75525.1 | QT22: 75591.7 | QU22: 75657 | QV22: 75710.5 | QW22: 75776.5 | QX22: 75844 | QY22: 75911.8 | QZ22: 75969.1 | RA22: 76026.3 | RB22: 76081.7 | RC22: 76128.1 | RD22: 76185.7 | RE22: 76234.8 | RF22: 76292.9 | RG22: 76341.9 | RH22: 76399.1 | RI22: 76426.3 | RJ22: 76455.8 | RK22: 76520.6 | RL22: 76586.1 | RM22: 76644.7 | RN22: 76706.1 | RO22: 76771.1 | RP22: 76826.8 | RQ22: 76891.6 | RR22: 76957.1 | RS22: 77014.5 | RT22: 77063.7 | RU22: 77065.1 | RV22: 77067.8 | RW22: 77116.8 | RX22: 77154.1 | RY22: 77205.8 | RZ22: 77258.8 | SA22: 77315.6 | SB22: 77376.4 | SC22: 77433.6 | SD22: 77496.1 | SE22: 77560.1 | SF22: 77616.2 | SG22: 77673.6 | SH22: 77730.8 | SI22: 77781.1 | SJ22: 77827.8 | SK22: 77867 | SL22: 77875.6 | SM22: 77929.3 | SN22: 77976.2 | SO22: 78026.5 | SP22: 78078.5 | SQ22: 78126.6 | SR22: 78175.8 | SS22: 78189 | ST22: 78248.1 | SU22: 78298.3 | SV22: 78350.6 | SW22: 78409.2 | SX22: 78460 | SY22: 78515.3 | SZ22: 78520.1 | TA22: 78575.2 | TB22: 78634.5 | TC22: 78691 | TD22: 78752.5 | TE22: 78814.1 | TF22: 78867.2 | TG22: 78908.6 | TH22: 78971.9 | TI22: 79029 | TJ22: 79086.7 | TK22: 79144.3 | TL22: 79202.1 | TM22: 79259.7 | TN22: 79325.7 | TO22: 79394.1
